postal_code,NearestStation
E1 0EG,Aldgate East
E1 0EW,Aldgate East
E1 0EZ,Aldgate East
E1 1EQ,Aldgate East
E1 2AA,Aldgate East
E1 2AR,Aldgate East
E1 3FE,Aldgate East
E1 3FY,Aldgate East
E1 4DY,Aldgate East
E1 4FX,Aldgate East
E1 4LR,Aldgate East
E1 4PP,Aldgate East
E1 5AG,Aldgate East
E1 5BA,Aldgate East
E1 5EN,Aldgate East
E1 5LW,Aldgate East
E1 6BP,Aldgate East
E1 6LF,Aldgate East
E1 6LW,Aldgate East
E1 6NQ,Aldgate East
E1 6NW,Aldgate East
E1 6QJ,Aldgate East
E1 6SY,Aldgate East
E1 8GH,Aldgate East
E1 8JA,Aldgate East
E1 8JT,Aldgate East
E1 8QE,Aldgate East
E14 0BB,Canary Wharf
E14 0LU,Canary Wharf
E14 3FD,Canary Wharf
E14 3SS,Canary Wharf
E14 4AW,Canary Wharf
E14 4AX,Canary Wharf
E14 4EF,Canary Wharf
E14 5SH,Canary Wharf
E14 6GT,Canary Wharf
E14 6LN,Canary Wharf
E14 6NJ,Canary Wharf
E14 7DJ,Canary Wharf
E14 7DX,Canary Wharf
E14 7SZ,Canary Wharf
E14 8AY,Canary Wharf
E14 8BB,Canary Wharf
E14 8BP,Canary Wharf
E14 8DB,Canary Wharf
E14 8DD,Canary Wharf
E14 8DH,Canary Wharf
E14 8DQ,Canary Wharf
E14 8DW,Canary Wharf
E14 8EH,Canary Wharf
E14 8JX,Canary Wharf
E14 8RJ,Canary Wharf
E14 8RN,Canary Wharf
E14 8RP,Canary Wharf
E14 9BL,Canary Wharf
E14 9BU,Canary Wharf
E14 9DB,Canary Wharf
E14 9DF,Canary Wharf
E14 9DQ,Canary Wharf
E14 9EG,Canary Wharf
E14 9EX,Canary Wharf
E14 9JD,Canary Wharf
E14 9JJ,Canary Wharf
E14 9JW,Canary Wharf
E14 9LT,Canary Wharf
E14 9LU,Canary Wharf
E14 9PL,Canary Wharf
E14 9PW,Canary Wharf
E14 9QL,Canary Wharf
E14 9RG,Canary Wharf
E14 9RT,Canary Wharf
E14 9RU,Canary Wharf
E14 9SG,Canary Wharf
E14 9SH,Canary Wharf
E14 9TA,Canary Wharf
E14 9TP,Canary Wharf
E14 9WE,Canary Wharf
E14 9YT,Canary Wharf
E15 1FY,Stratford
E16 1AQ,Royal Victoria
E16 1AS,Royal Victoria
E16 1BD,Royal Victoria
E16 1BL,Royal Victoria
E16 1BU,Royal Victoria
E16 1BW,Royal Victoria
E16 1FG,Royal Victoria
E16 1YU,Royal Victoria
E16 2ER,Royal Victoria
E16 2GY,Royal Victoria
E16 2PL,Royal Victoria
E16 2QJ,Royal Victoria
E16 2TF,Royal Victoria
E1W 1AB,Tower Gateway
E1W 1AE,Tower Gateway
E1W 1AG,Tower Gateway
E1W 1AJ,Tower Gateway
E1W 1AT,Tower Gateway
E1W 1BE,Tower Gateway
E1W 1NG,Tower Gateway
E1W 1NJ,Tower Gateway
E1W 1PW,Tower Gateway
E1W 2AH,Tower Gateway
E1W 2BA,Tower Gateway
E1W 2BQ,Tower Gateway
E1W 2BS,Tower Gateway
E1W 2JB,Tower Gateway
E1W 2JD,Tower Gateway
E1W 2ND,Tower Gateway
E1W 2PB,Tower Gateway
E1W 2RR,Tower Gateway
E1W 2RX,Tower Gateway
E1W 2UY,Tower Gateway
E1W 2YG,Tower Gateway
E1W 3HU,Tower Gateway
E1W 3NN,Tower Gateway
E1W 3QS,Tower Gateway
E1W 3TX,Tower Gateway
E2 0EL,Bethnal Green
E2 6DE,Bethnal Green
E2 6EA,Bethnal Green
E2 6FX,Bethnal Green
E2 6GE,Bethnal Green
E2 7BX,Bethnal Green
E2 7BY,Bethnal Green
E2 7PQ,Bethnal Green
E2 8AG,Bethnal Green
E2 8AS,Bethnal Green
E2 8ER,Bethnal Green
E2 8FS,Bethnal Green
E2 8HH,Bethnal Green
E2 8HN,Bethnal Green
E2 8NA,Bethnal Green
E2 8QF,Bethnal Green
E2 9JE,Bethnal Green
E2 9JR,Bethnal Green
E2 9RA,Bethnal Green
E20 1GY,Stratford
E3 2AB,Bromley-by-Bow
E3 2DA,Bromley-by-Bow
E3 2JR,Bromley-by-Bow
E3 2RT,Bromley-by-Bow
E3 2UJ,Bromley-by-Bow
E3 3AN,Bromley-by-Bow
E3 3GW,Bromley-by-Bow
E3 3PJ,Bromley-by-Bow
E3 3QE,Bromley-by-Bow
E3 3QH,Bromley-by-Bow
E3 3TF,Bromley-by-Bow
E3 4EF,Bromley-by-Bow
E3 5AL,Bromley-by-Bow
E3 5AZ,Bromley-by-Bow
E3 5GF,Bromley-by-Bow
E3 5GG,Bromley-by-Bow
E3 5NQ,Bromley-by-Bow
E4 6JH,Chingford
E5 0NH,Hackney Central
E5 8DE,Hackney Central
E5 8DF,Hackney Central
E5 9BU,Hackney Central
E8 1AP,Hackney Downs
E8 1BZ,Hackney Downs
E8 1DQ,Hackney Downs
E8 1FA,Hackney Downs
E8 1HE,Hackney Downs
E8 1JH,Hackney Downs
E8 1LP,Hackney Downs
E8 1LX,Hackney Downs
E8 1NA,Hackney Downs
E8 1NG,Hackney Downs
E8 2AA,Hackney Downs
E8 2AG,Hackney Downs
E8 2AW,Hackney Downs
E8 2HE,Hackney Downs
E8 2NW,Hackney Downs
E8 3AA,Hackney Downs
E8 3AH,Hackney Downs
E8 3AQ,Hackney Downs
E8 3AR,Hackney Downs
E8 3BJ,Hackney Downs
E8 3BL,Hackney Downs
E8 3BQ,Hackney Downs
E8 3ER,Hackney Downs
E8 3FF,Hackney Downs
E8 3GT,Hackney Downs
E8 3GX,Hackney Downs
E8 3LJ,Hackney Downs
E8 3QW,Hackney Downs
E8 3RH,Hackney Downs
E8 4BS,Hackney Downs
E8 4DJ,Hackney Downs
E8 4DQ,Hackney Downs
E8 4DS,Hackney Downs
E8 4EG,Hackney Downs
E8 4FB,Hackney Downs
E8 4FL,Hackney Downs
E8 4LG,Hackney Downs
E9 5BZ,Homerton
E9 5DT,Homerton
E9 5EB,Homerton
E9 5EL,Homerton
E9 5EN,Homerton
E9 5HE,Homerton
E9 5HP,Homerton
E9 5NW,Homerton
E9 5SL,Homerton
E9 5SX,Homerton
E9 5SZ,Homerton
E9 6BH,Homerton
E9 6FA,Homerton
E9 6FJ,Homerton
E9 6HP,Homerton
E9 7AH,Homerton
E9 7AU,Homerton
E9 7BY,Homerton
E9 7DS,Homerton
E9 7DT,Homerton
E9 7EB,Homerton
E9 7ED,Homerton
E9 7EE,Homerton
E9 7EF,Homerton
E9 7EH,Homerton
E9 7HQ,Homerton
E9 7HR,Homerton
E9 7HS,Homerton
E9 7HW,Homerton
E9 7LF,Homerton
E9 7PJ,Homerton
E9 7PQ,Homerton
E9 7SF,Homerton
E9 7SN,Homerton
E9 7SX,Homerton
E9 7TT,Homerton
EC1A 7BB,Barbican
EC1A 7BD,Barbican
EC1A 7BF,Barbican
EC1A 7LS,Barbican
EC1A 9DS,Barbican
EC1A 9DY,Barbican
EC1M 4DT,Farringdon
EC1M 4NP,Farringdon
EC1M 5PY,Farringdon
EC1M 7AN,Farringdon
EC1N 8JJ,Chancery Lane
EC1N 8QS,Chancery Lane
EC1N 8QX,Chancery Lane
EC1N 8RU,Chancery Lane
EC1N 8TE,Chancery Lane
EC1R 0LN,Farringdon
EC1R 1XP,Farringdon
EC1R 1XW,Farringdon
EC1R 1YA,Farringdon
EC1R 1YB,Farringdon
EC1R 1YE,Farringdon
EC1R 4TW,Farringdon
EC1R 4UL,Farringdon
EC1V 0AA,Old Street
EC1V 0BH,Old Street
EC1V 0DB,Old Street
EC1V 0DP,Old Street
EC1V 0ED,Old Street
EC1V 1AA,Old Street
EC1V 1AE,Old Street
EC1V 1AF,Old Street
EC1V 1AG,Old Street
EC1V 1AJ,Old Street
EC1V 1AL,Old Street
EC1V 1AR,Old Street
EC1V 1AZ,Old Street
EC1V 1LA,Old Street
EC1V 2NR,Old Street
EC1V 2PY,Old Street
EC1V 2QQ,Old Street
EC1V 3AL,Old Street
EC1V 3AN,Old Street
EC1V 3AP,Old Street
EC1V 3PA,Old Street
EC1V 3RF,Old Street
EC1V 4JU,Old Street
EC1V 4JY,Old Street
EC1V 4LD,Old Street
EC1V 4ND,Old Street
EC1V 7AH,Old Street
EC1V 7PA,Old Street
EC1V 8BG,Old Street
EC1Y 0TY,Barbican
EC1Y 1AH,Barbican
EC2A 2AH,Liverpool Street
EC2A 3EP,Liverpool Street
EC2A 3HH,Liverpool Street
EC2A 4LE,Liverpool Street
EC2V 8EY,Bank
EC2Y 9BA,Moorgate
EC3R 6EA,Tower Gateway
EC4V 3PA,Blackfriars
N1 0BH,Angel
N1 0EN,Angel
N1 0ET,Angel
N1 0EU,Angel
N1 0EY,Angel
N1 0HW,Angel
N1 0HX,Angel
N1 0JA,Angel
N1 0JF,Angel
N1 0NG,Angel
N1 0PY,Angel
N1 0QY,Angel
N1 0RD,Angel
N1 0RE,Angel
N1 1BG,Angel
N1 1BJ,Angel
N1 1BZ,Angel
N1 1EA,Angel
N1 1ET,Angel
N1 1EW,Angel
N1 1HQ,Angel
N1 1HR,Angel
N1 1HT,Angel
N1 1JD,Angel
N1 1JG,Angel
N1 1JL,Angel
N1 1JT,Angel
N1 1LA,Angel
N1 1LR,Angel
N1 1NS,Angel
N1 1PF,Angel
N1 1PT,Angel
N1 1QT,Angel
N1 1TQ,Angel
N1 1UR,Angel
N1 2AP,Angel
N1 2AU,Angel
N1 2BA,Angel
N1 2BH,Angel
N1 2DH,Angel
N1 2EA,Angel
N1 2EN,Angel
N1 2FT,Angel
N1 2HJ,Angel
N1 2HN,Angel
N1 2HW,Angel
N1 2JG,Angel
N1 2JU,Angel
N1 2JX,Angel
N1 2LA,Angel
N1 2LD,Angel
N1 2LZ,Angel
N1 2NT,Angel
N1 2NX,Angel
N1 2PG,Angel
N1 2PQ,Angel
N1 2TZ,Angel
N1 2XA,Angel
N1 3BD,Angel
N1 3EJ,Angel
N1 3EU,Angel
N1 3FL,Angel
N1 3GG,Angel
N1 3HX,Angel
N1 3JR,Angel
N1 3JZ,Angel
N1 3LL,Angel
N1 3NU,Angel
N1 3NW,Angel
N1 4BD,Angel
N1 4BW,Angel
N1 4EP,Angel
N1 4HR,Angel
N1 4HY,Angel
N1 4JA,Angel
N1 4LA,Angel
N1 4LB,Angel
N1 4SD,Angel
N1 4SN,Angel
N1 4ST,Angel
N1 5BJ,Angel
N1 5EA,Angel
N1 5EB,Angel
N1 5EN,Angel
N1 5ET,Angel
N1 5JQ,Angel
N1 5PH,Angel
N1 5QJ,Angel
N1 5QL,Angel
N1 5SH,Angel
N1 6EJ,Angel
N1 6JB,Angel
N1 6ND,Angel
N1 7AH,Angel
N1 7AL,Angel
N1 7BL,Angel
N1 7EA,Angel
N1 7EG,Angel
N1 7FF,Angel
N1 7FP,Angel
N1 7LB,Angel
N1 7LG,Angel
N1 7NB,Angel
N1 7SJ,Angel
N1 7SL,Angel
N1 8AG,Angel
N1 8BA,Angel
N1 8BX,Angel
N1 8DH,Angel
N1 8HA,Angel
N1 8HD,Angel
N1 8NL,Angel
N1 8QF,Angel
N1 8RA,Angel
N1 9LS,Angel
N16 0BA,Dalston Junction
N16 8EP,Dalston Junction
N16 8QY,Dalston Junction
N16 9BT,Dalston Junction
N16 9LL,Dalston Junction
N16 9PH,Dalston Junction
N2 0BA,East Finchley
N2 0HX,East Finchley
N2 9BJ,East Finchley
N4 2BS,Finsbury Park
N4 2DH,Finsbury Park
N4 2LE,Finsbury Park
N4 2NY,Finsbury Park
N4 3FQ,Finsbury Park
N4 3FS,Finsbury Park
N4 4QA,Finsbury Park
N5 1AU,Canonbury
N5 1DH,Canonbury
N5 1EH,Canonbury
N5 1EU,Canonbury
N5 1FH,Canonbury
N5 1FN,Canonbury
N5 1HH,Canonbury
N5 1LN,Canonbury
N5 1QA,Canonbury
N5 1QP,Canonbury
N5 1QZ,Canonbury
N5 1RX,Canonbury
N5 1UZ,Canonbury
N5 1XB,Canonbury
N5 1XP,Canonbury
N5 2BD,Canonbury
N5 2DJ,Canonbury
N5 2ET,Canonbury
N5 2JA,Canonbury
N5 2NP,Canonbury
N5 2NR,Canonbury
N5 2XA,Canonbury
N5 2XB,Canonbury
N6 4AA,Highgate
N6 4JS,Highgate
N6 4LH,Highgate
N6 4LP,Highgate
N6 4LR,Highgate
N6 4LU,Highgate
N6 4RT,Highgate
N6 4SH,Highgate
N6 5AD,Highgate
N6 5HJ,Highgate
N6 5HQ,Highgate
N6 5JG,Highgate
N6 5LJ,Highgate
N6 5NY,Highgate
N6 5QG,Highgate
N6 5UB,Highgate
N6 6ES,Highgate
N6 6HN,Highgate
N7 0JN,Caledonian Road & Barnsbury
N7 6PE,Caledonian Road & Barnsbury
N7 6QJ,Caledonian Road & Barnsbury
N7 7EE,Caledonian Road & Barnsbury
N7 7EZ,Caledonian Road & Barnsbury
N7 7FF,Caledonian Road & Barnsbury
N7 8BU,Caledonian Road & Barnsbury
N7 8BW,Caledonian Road & Barnsbury
N7 8EF,Caledonian Road & Barnsbury
N7 8GP,Caledonian Road & Barnsbury
N7 8HE,Caledonian Road & Barnsbury
N7 8LE,Caledonian Road & Barnsbury
N7 8LS,Caledonian Road & Barnsbury
N7 8PG,Caledonian Road & Barnsbury
N7 8PL,Caledonian Road & Barnsbury
N7 8PN,Caledonian Road & Barnsbury
N7 8PR,Caledonian Road & Barnsbury
N7 9RG,Caledonian Road & Barnsbury
N8 8TA,Hornsey
N8 9BU,Hornsey
N8 9JJ,Hornsey
NW1 0LB,Camden Town
NW1 1NJ,Camden Town
NW1 4AE,Camden Town
NW1 4EB,Camden Town
NW1 4HG,Camden Town
NW1 4HJ,Camden Town
NW1 4HP,Camden Town
NW1 4HR,Camden Town
NW1 4JE,Camden Town
NW1 4JG,Camden Town
NW1 4LH,Camden Town
NW1 4ND,Camden Town
NW1 4RP,Camden Town
NW1 4SN,Camden Town
NW1 5NP,Camden Town
NW1 6HD,Camden Town
NW1 6HE,Camden Town
NW1 6LW,Camden Town
NW1 6SL,Camden Town
NW1 7BQ,Camden Town
NW1 7ET,Camden Town
NW1 7HB,Camden Town
NW1 7HY,Camden Town
NW1 7PZ,Camden Town
NW1 7RE,Camden Town
NW1 7SU,Camden Town
NW1 7SX,Camden Town
NW1 7SY,Camden Town
NW1 7TL,Camden Town
NW1 7TX,Camden Town
NW1 8AY,Camden Town
NW1 8HX,Camden Town
NW1 8JA,Camden Town
NW1 8JD,Camden Town
NW1 8LJ,Camden Town
NW1 8TN,Camden Town
NW1 8TU,Camden Town
NW1 8XH,Camden Town
NW1 8XN,Camden Town
NW1 8YA,Camden Town
NW1 8YH,Camden Town
NW1 8YN,Camden Town
NW1 9DJ,Camden Town
NW1 9RE,Camden Town
NW1 9RJ,Camden Town
NW1 9RN,Camden Town
NW10 7HG,Willesden Junction
NW11,Golders Green
NW11 6TG,Golders Green
NW11 6TL,Golders Green
NW11 7HP,Golders Green
NW11 7JH,Golders Green
NW11 7LD,Golders Green
NW11 7SB,Golders Green
NW11 7SY,Golders Green
NW2 2AP,Cricklewood
NW2 2BX,Cricklewood
NW2 2HJ,Cricklewood
NW2 2QA,Cricklewood
NW2 4HJ,Cricklewood
NW2 6UH,Cricklewood
NW3 1BN,Hampstead
NW3 1BP,Hampstead
NW3 1BS,Hampstead
NW3 1DD,Hampstead
NW3 1HE,Hampstead
NW3 1LD,Hampstead
NW3 1LH,Hampstead
NW3 1NT,Hampstead
NW3 1QH,Hampstead
NW3 1TU,Hampstead
NW3 2BD,Hampstead
NW3 2NL,Hampstead
NW3 2PL,Hampstead
NW3 2PS,Hampstead
NW3 2RL,Hampstead
NW3 2RU,Hampstead
NW3 2SS,Hampstead
NW3 2TD,Hampstead
NW3 2UA,Hampstead
NW3 2UP,Hampstead
NW3 3AG,Hampstead
NW3 3AJ,Hampstead
NW3 3AR,Hampstead
NW3 3AX,Hampstead
NW3 3AY,Hampstead
NW3 3BN,Hampstead
NW3 3DN,Hampstead
NW3 3DR,Hampstead
NW3 3DS,Hampstead
NW3 3EA,Hampstead
NW3 3EJ,Hampstead
NW3 3HL,Hampstead
NW3 3JZ,Hampstead
NW3 3NE,Hampstead
NW3 3QP,Hampstead
NW3 3QR,Hampstead
NW3 3RP,Hampstead
NW3 4BL,Hampstead
NW3 4DJ,Hampstead
NW3 4HL,Hampstead
NW3 4LD,Hampstead
NW3 4LJ,Hampstead
NW3 4PH,Hampstead
NW3 4UH,Hampstead
NW3 4UR,Hampstead
NW3 5BH,Hampstead
NW3 5BX,Hampstead
NW3 5DB,Hampstead
NW3 5DP,Hampstead
NW3 5DX,Hampstead
NW3 5JY,Hampstead
NW3 5PT,Hampstead
NW3 6AL,Hampstead
NW3 6DN,Hampstead
NW3 6NE,Hampstead
NW3 6PX,Hampstead
NW3 6PZ,Hampstead
NW3 6XS,Hampstead
NW3 7AA,Hampstead
NW3 7AT,Hampstead
NW3 7DU,Hampstead
NW3 7HU,Hampstead
NW3 7LW,Hampstead
NW3 7RG,Hampstead
NW3 7RR,Hampstead
NW3 7SB,Hampstead
NW3 7SF,Hampstead
NW3 7SG,Hampstead
NW3 7ST,Hampstead
NW3 7TW,Hampstead
NW3 7UH,Hampstead
NW5 1AJ,Gospel Oak
NW5 1RT,Gospel Oak
NW5 1SN,Gospel Oak
NW5 1SU,Gospel Oak
NW5 1SX,Gospel Oak
NW5 1TX,Gospel Oak
NW5 2AJ,Gospel Oak
NW5 2AR,Gospel Oak
NW5 2AS,Gospel Oak
NW5 2JY,Gospel Oak
NW5 2LL,Gospel Oak
NW5 3AN,Gospel Oak
NW5 3LN,Gospel Oak
NW5 4ER,Gospel Oak
NW6 1HR,West Hampstead
NW6 1JY,West Hampstead
NW6 2DA,West Hampstead
NW6 3HR,West Hampstead
NW6 4BR,West Hampstead
NW6 4EQ,West Hampstead
NW6 4ES,West Hampstead
NW6 4NN,West Hampstead
NW6 4TH,West Hampstead
NW6 5AT,West Hampstead
NW6 5FS,West Hampstead
NW6 5FU,West Hampstead
NW6 5JA,West Hampstead
NW6 5LD,West Hampstead
NW6 6BF,West Hampstead
NW6 6TD,West Hampstead
NW6 7XP,West Hampstead
NW7 1NY,Mill Hill East
NW8 0EL,St. John's Wood
NW8 0EN,St. John's Wood
NW8 0JT,St. John's Wood
NW8 0JY,St. John's Wood
NW8 0LT,St. John's Wood
NW8 0LY,St. John's Wood
NW8 0PL,St. John's Wood
NW8 0QN,St. John's Wood
NW8 0RA,St. John's Wood
NW8 6AU,St. John's Wood
NW8 6DA,St. John's Wood
NW8 6EN,St. John's Wood
NW8 6EZ,St. John's Wood
NW8 6HE,St. John's Wood
NW8 6JJ,St. John's Wood
NW8 6JL,St. John's Wood
NW8 6NJ,St. John's Wood
NW8 6PH,St. John's Wood
NW8 6PJ,St. John's Wood
NW8 6RG,St. John's Wood
NW8 7DG,St. John's Wood
NW8 7DN,St. John's Wood
NW8 7DP,St. John's Wood
NW8 7DW,St. John's Wood
NW8 7EA,St. John's Wood
NW8 7ED,St. John's Wood
NW8 7EH,St. John's Wood
NW8 7EJ,St. John's Wood
NW8 7HL,St. John's Wood
NW8 7LA,St. John's Wood
NW8 7LU,St. John's Wood
NW8 7LX,St. John's Wood
NW8 7NT,St. John's Wood
NW8 7PX,St. John's Wood
NW8 7RJ,St. John's Wood
NW8 7RL,St. John's Wood
NW8 8EP,St. John's Wood
NW8 8HB,St. John's Wood
NW8 8HZ,St. John's Wood
NW8 8RE,St. John's Wood
NW8 9AB,St. John's Wood
NW8 9AD,St. John's Wood
NW8 9AQ,St. John's Wood
NW8 9DY,St. John's Wood
NW8 9EL,St. John's Wood
NW8 9GS,St. John's Wood
NW8 9HP,St. John's Wood
NW8 9JE,St. John's Wood
NW8 9JT,St. John's Wood
NW8 9LD,St. John's Wood
NW8 9LY,St. John's Wood
NW8 9NS,St. John's Wood
NW8 9QR,St. John's Wood
NW8 9RE,St. John's Wood
NW8 9UG,St. John's Wood
NW8 9UJ,St. John's Wood
SE1 2AW,London Bridge
SE1 2BB,London Bridge
SE1 2LY,London Bridge
SE1 2LZ,London Bridge
SE1 2NP,London Bridge
SE1 2SA,London Bridge
SE1 2SF,London Bridge
SE1 2YS,London Bridge
SE1 4GP,London Bridge
SE1 7NJ,London Bridge
SE1 7TY,London Bridge
SE1 7XL,London Bridge
SE1 7XQ,London Bridge
SE1 9DS,London Bridge
SE1 9EY,London Bridge
SE1 9FU,London Bridge
SE1 9GD,London Bridge
SE10 0BZ,Greenwich
SE10 0GS,Greenwich
SE10 0GY,Greenwich
SE10 0NN,Greenwich
SE10 0NQ,Greenwich
SE10 0NW,Greenwich
SE10 0QL,Greenwich
SE10 0RU,Greenwich
SE10 0XL,Greenwich
SE10 8AX,Greenwich
SE10 8GD,Greenwich
SE10 9FJ,Greenwich
SE11 5AH,Elephant & Castle
SE13 7RW,Lewisham
SE15 4RE,Peckham Rye
SE16 3EX,Canada Water
SE16 4JL,Canada Water
SE16 5UA,Canada Water
SE16 6YG,Canada Water
SE16 7EP,Canada Water
SE16 7FS,Canada Water
SE17 1FQ,Kennington
SE17 1GG,Kennington
SE17 2JX,Kennington
SE17 3BD,Kennington
SE17 3BZ,Kennington
SE18 3JB,Woolwich Arsenal
SE18 6EY,Woolwich Arsenal
SE18 6GY,Woolwich Arsenal
SE21 8AA,West Dulwich
SE3 7PQ,Blackheath
SE3 7RH,Blackheath
SE7 8PP,Charlton
SW10,West Brompton
SW10 0AG,West Brompton
SW10 0AN,West Brompton
SW10 0DD,West Brompton
SW10 0HU,West Brompton
SW10 0HX,West Brompton
SW10 0JB,West Brompton
SW10 0JG,West Brompton
SW10 0JW,West Brompton
SW10 0QH,West Brompton
SW10 0QR,West Brompton
SW10 0RG,West Brompton
SW10 0RP,West Brompton
SW10 0TD,West Brompton
SW10 0TL,West Brompton
SW10 0TX,West Brompton
SW10 0UQ,West Brompton
SW10 0UU,West Brompton
SW10 0UY,West Brompton
SW10 0XA,West Brompton
SW10 0XB,West Brompton
SW10 9BJ,West Brompton
SW10 9BS,West Brompton
SW10 9DA,West Brompton
SW10 9DZ,West Brompton
SW10 9EW,West Brompton
SW10 9HA,West Brompton
SW10 9HR,West Brompton
SW10 9JJ,West Brompton
SW10 9JP,West Brompton
SW10 9JY,West Brompton
SW10 9NN,West Brompton
SW10 9QW,West Brompton
SW10 9QY,West Brompton
SW10 9RH,West Brompton
SW10 9RX,West Brompton
SW10 9RY,West Brompton
SW10 9TU,West Brompton
SW10 9UG,West Brompton
SW10 9UZ,West Brompton
SW11 1AN,Clapham Junction
SW11 1BL,Clapham Junction
SW11 1BP,Clapham Junction
SW11 1BQ,Clapham Junction
SW11 1BW,Clapham Junction
SW11 1DB,Clapham Junction
SW11 1DJ,Clapham Junction
SW11 1DN,Clapham Junction
SW11 1DS,Clapham Junction
SW11 1EA,Clapham Junction
SW11 1EB,Clapham Junction
SW11 1ES,Clapham Junction
SW11 1HD,Clapham Junction
SW11 1HL,Clapham Junction
SW11 1JL,Clapham Junction
SW11 1PG,Clapham Junction
SW11 1QB,Clapham Junction
SW11 1QU,Clapham Junction
SW11 1RD,Clapham Junction
SW11 1RQ,Clapham Junction
SW11 1TH,Clapham Junction
SW11 1XG,Clapham Junction
SW11 1XQ,Clapham Junction
SW11 2AJ,Clapham Junction
SW11 2BQ,Clapham Junction
SW11 2DS,Clapham Junction
SW11 2DT,Clapham Junction
SW11 2JA,Clapham Junction
SW11 2JB,Clapham Junction
SW11 2JR,Clapham Junction
SW11 2NU,Clapham Junction
SW11 2PN,Clapham Junction
SW11 2PZ,Clapham Junction
SW11 2QD,Clapham Junction
SW11 2RB,Clapham Junction
SW11 2RE,Clapham Junction
SW11 2UE,Clapham Junction
SW11 3AD,Clapham Junction
SW11 3AU,Clapham Junction
SW11 3DN,Clapham Junction
SW11 3DP,Clapham Junction
SW11 3DR,Clapham Junction
SW11 3DS,Clapham Junction
SW11 3GN,Clapham Junction
SW11 3GZ,Clapham Junction
SW11 3HN,Clapham Junction
SW11 3HX,Clapham Junction
SW11 3LD,Clapham Junction
SW11 3LX,Clapham Junction
SW11 3LY,Clapham Junction
SW11 3NA,Clapham Junction
SW11 3ND,Clapham Junction
SW11 3NX,Clapham Junction
SW11 3NZ,Clapham Junction
SW11 3PW,Clapham Junction
SW11 3RA,Clapham Junction
SW11 3RD,Clapham Junction
SW11 3RJ,Clapham Junction
SW11 3RS,Clapham Junction
SW11 3RY,Clapham Junction
SW11 3YL,Clapham Junction
SW11 3YW,Clapham Junction
SW11 4BG,Clapham Junction
SW11 4BN,Clapham Junction
SW11 4BT,Clapham Junction
SW11 4BW,Clapham Junction
SW11 4DB,Clapham Junction
SW11 4DF,Clapham Junction
SW11 4DL,Clapham Junction
SW11 4DN,Clapham Junction
SW11 4DU,Clapham Junction
SW11 4DZ,Clapham Junction
SW11 4EE,Clapham Junction
SW11 4EN,Clapham Junction
SW11 4ET,Clapham Junction
SW11 4EU,Clapham Junction
SW11 4EW,Clapham Junction
SW11 4EY,Clapham Junction
SW11 4EZ,Clapham Junction
SW11 4FA,Clapham Junction
SW11 4FR,Clapham Junction
SW11 4GA,Clapham Junction
SW11 4HA,Clapham Junction
SW11 4HQ,Clapham Junction
SW11 4HW,Clapham Junction
SW11 4JA,Clapham Junction
SW11 4JW,Clapham Junction
SW11 4LZ,Clapham Junction
SW11 4NB,Clapham Junction
SW11 4ND,Clapham Junction
SW11 4NP,Clapham Junction
SW11 4NX,Clapham Junction
SW11 4NZ,Clapham Junction
SW11 4PD,Clapham Junction
SW11 4PE,Clapham Junction
SW11 4PG,Clapham Junction
SW11 4PQ,Clapham Junction
SW11 4PR,Clapham Junction
SW11 4PT,Clapham Junction
SW11 4PU,Clapham Junction
SW11 4PX,Clapham Junction
SW11 4PY,Clapham Junction
SW11 4QX,Clapham Junction
SW11 4RF,Clapham Junction
SW11 4RR,Clapham Junction
SW11 4RT,Clapham Junction
SW11 4RY,Clapham Junction
SW11 4SS,Clapham Junction
SW11 4XW,Clapham Junction
SW11 5AB,Clapham Junction
SW11 5AJ,Clapham Junction
SW11 5BH,Clapham Junction
SW11 5BL,Clapham Junction
SW11 5BX,Clapham Junction
SW11 5ED,Clapham Junction
SW11 5EJ,Clapham Junction
SW11 5ET,Clapham Junction
SW11 5GX,Clapham Junction
SW11 5LH,Clapham Junction
SW11 5NR,Clapham Junction
SW11 5PA,Clapham Junction
SW11 5PE,Clapham Junction
SW11 5QE,Clapham Junction
SW11 5RW,Clapham Junction
SW11 5RY,Clapham Junction
SW11 5RZ,Clapham Junction
SW11 5SQ,Clapham Junction
SW11 5SU,Clapham Junction
SW11 5SW,Clapham Junction
SW11 5UP,Clapham Junction
SW11 5XP,Clapham Junction
SW11 5XR,Clapham Junction
SW11 6AB,Clapham Junction
SW11 6AE,Clapham Junction
SW11 6AF,Clapham Junction
SW11 6AG,Clapham Junction
SW11 6AQ,Clapham Junction
SW11 6AX,Clapham Junction
SW11 6BG,Clapham Junction
SW11 6DF,Clapham Junction
SW11 6DR,Clapham Junction
SW11 6EQ,Clapham Junction
SW11 6ES,Clapham Junction
SW11 6HB,Clapham Junction
SW11 6JE,Clapham Junction
SW11 6JF,Clapham Junction
SW11 6JP,Clapham Junction
SW11 6JT,Clapham Junction
SW11 6JW,Clapham Junction
SW11 6JX,Clapham Junction
SW11 6JZ,Clapham Junction
SW11 6LL,Clapham Junction
SW11 6LN,Clapham Junction
SW11 6LR,Clapham Junction
SW11 6LX,Clapham Junction
SW11 6NE,Clapham Junction
SW11 6NT,Clapham Junction
SW11 6NW,Clapham Junction
SW11 6PY,Clapham Junction
SW11 6PZ,Clapham Junction
SW11 6QB,Clapham Junction
SW11 6QT,Clapham Junction
SW11 6RY,Clapham Junction
SW11 6SA,Clapham Junction
SW11 6SE,Clapham Junction
SW11 8EU,Clapham Junction
SW11 8NG,Clapham Junction
SW11 8NT,Clapham Junction
SW11 8QN,Clapham Junction
SW12 0BH,Balham
SW12 0DL,Balham
SW12 0HD,Balham
SW12 0HF,Balham
SW12 0HR,Balham
SW12 0PQ,Balham
SW12 8AB,Balham
SW12 8AF,Balham
SW12 8AH,Balham
SW12 8AZ,Balham
SW12 8BE,Balham
SW12 8BG,Balham
SW12 8BN,Balham
SW12 8BQ,Balham
SW12 8BW,Balham
SW12 8BY,Balham
SW12 8DF,Balham
SW12 8DG,Balham
SW12 8DH,Balham
SW12 8DQ,Balham
SW12 8DZ,Balham
SW12 8EE,Balham
SW12 8HF,Balham
SW12 8HG,Balham
SW12 8HL,Balham
SW12 8JE,Balham
SW12 8JG,Balham
SW12 8JJ,Balham
SW12 8JL,Balham
SW12 8LE,Balham
SW12 8LF,Balham
SW12 8LG,Balham
SW12 8LH,Balham
SW12 8LJ,Balham
SW12 8LL,Balham
SW12 8LN,Balham
SW12 8LQ,Balham
SW12 8LR,Balham
SW12 8LW,Balham
SW12 8NH,Balham
SW12 8QJ,Balham
SW12 8RJ,Balham
SW12 8RR,Balham
SW12 8RT,Balham
SW12 8RZ,Balham
SW12 8SF,Balham
SW12 8SN,Balham
SW12 8TY,Balham
SW12 8UH,Balham
SW12 8UJ,Balham
SW12 9EA,Balham
SW12 9NL,Balham
SW12 9NN,Balham
SW12 9NZ,Balham
SW12 9PA,Balham
SW12 9PN,Balham
SW12 9PY,Balham
SW12 9QG,Balham
SW12 9QQ,Balham
SW12 9RY,Balham
SW13 0AA,Barnes Bridge
SW13 0AH,Barnes Bridge
SW13 0AJ,Barnes Bridge
SW13 0AQ,Barnes Bridge
SW13 0AR,Barnes Bridge
SW13 0AT,Barnes Bridge
SW13 0BL,Barnes Bridge
SW13 0BX,Barnes Bridge
SW13 0DB,Barnes Bridge
SW13 0DR,Barnes Bridge
SW13 0DS,Barnes Bridge
SW13 0DT,Barnes Bridge
SW13 0DU,Barnes Bridge
SW13 0DX,Barnes Bridge
SW13 0DY,Barnes Bridge
SW13 0EH,Barnes Bridge
SW13 0ES,Barnes Bridge
SW13 0EX,Barnes Bridge
SW13 0HA,Barnes Bridge
SW13 0HP,Barnes Bridge
SW13 0JE,Barnes Bridge
SW13 0JF,Barnes Bridge
SW13 0LF,Barnes Bridge
SW13 0LT,Barnes Bridge
SW13 0NL,Barnes Bridge
SW13 0NS,Barnes Bridge
SW13 0NT,Barnes Bridge
SW13 0NZ,Barnes Bridge
SW13 0PG,Barnes Bridge
SW13 0PJ,Barnes Bridge
SW13 0PT,Barnes Bridge
SW13 0PU,Barnes Bridge
SW13 0PZ,Barnes Bridge
SW13 8AH,Barnes Bridge
SW13 8DS,Barnes Bridge
SW13 8DU,Barnes Bridge
SW13 8DY,Barnes Bridge
SW13 8EA,Barnes Bridge
SW13 8HL,Barnes Bridge
SW13 8HS,Barnes Bridge
SW13 8RB,Barnes Bridge
SW13 9AB,Barnes Bridge
SW13 9AF,Barnes Bridge
SW13 9AG,Barnes Bridge
SW13 9DA,Barnes Bridge
SW13 9DH,Barnes Bridge
SW13 9ED,Barnes Bridge
SW13 9EL,Barnes Bridge
SW13 9ER,Barnes Bridge
SW13 9ET,Barnes Bridge
SW13 9EU,Barnes Bridge
SW13 9EW,Barnes Bridge
SW13 9EX,Barnes Bridge
SW13 9EY,Barnes Bridge
SW13 9HP,Barnes Bridge
SW13 9JF,Barnes Bridge
SW13 9JG,Barnes Bridge
SW13 9JS,Barnes Bridge
SW13 9NP,Barnes Bridge
SW13 9NX,Barnes Bridge
SW13 9PD,Barnes Bridge
SW13 9PH,Barnes Bridge
SW13 9PR,Barnes Bridge
SW13 9PY,Barnes Bridge
SW13 9RE,Barnes Bridge
SW13 9RF,Barnes Bridge
SW13 9RG,Barnes Bridge
SW13 9RH,Barnes Bridge
SW13 9RJ,Barnes Bridge
SW13 9RR,Barnes Bridge
SW14 7AB,Mortlake
SW14 7AH,Mortlake
SW14 7AN,Mortlake
SW14 7AP,Mortlake
SW14 7AT,Mortlake
SW14 7BJ,Mortlake
SW14 7DF,Mortlake
SW14 7LG,Mortlake
SW14 7LQ,Mortlake
SW14 7NB,Mortlake
SW14 7PD,Mortlake
SW14 7PZ,Mortlake
SW14 7RJ,Mortlake
SW14 7RP,Mortlake
SW14 7RS,Mortlake
SW14 7RW,Mortlake
SW14 8AJ,Mortlake
SW14 8AU,Mortlake
SW14 8BJ,Mortlake
SW14 8BT,Mortlake
SW14 8BX,Mortlake
SW14 8DB,Mortlake
SW14 8DS,Mortlake
SW14 8DY,Mortlake
SW14 8HE,Mortlake
SW14 8HL,Mortlake
SW14 8JH,Mortlake
SW14 8JJ,Mortlake
SW14 8JP,Mortlake
SW14 8JQ,Mortlake
SW14 8JU,Mortlake
SW14 8LH,Mortlake
SW14 8NJ,Mortlake
SW14 8NX,Mortlake
SW14 8PF,Mortlake
SW14 8RF,Mortlake
SW14 8RL,Mortlake
SW14 8RU,Mortlake
SW14 8RW,Mortlake
SW14 8RX,Mortlake
SW14 8SY,Mortlake
SW15 1BB,Putney Bridge
SW15 1DR,Putney Bridge
SW15 1DS,Putney Bridge
SW15 1EE,Putney Bridge
SW15 1HA,Putney Bridge
SW15 1JR,Putney Bridge
SW15 1LA,Putney Bridge
SW15 1LP,Putney Bridge
SW15 1LT,Putney Bridge
SW15 1NA,Putney Bridge
SW15 1PD,Putney Bridge
SW15 1PL,Putney Bridge
SW15 1PP,Putney Bridge
SW15 1PR,Putney Bridge
SW15 1PW,Putney Bridge
SW15 1QD,Putney Bridge
SW15 1QJ,Putney Bridge
SW15 1QL,Putney Bridge
SW15 1QQ,Putney Bridge
SW15 1QS,Putney Bridge
SW15 1RN,Putney Bridge
SW15 1SY,Putney Bridge
SW15 2BD,Putney Bridge
SW15 2BS,Putney Bridge
SW15 2DH,Putney Bridge
SW15 2DN,Putney Bridge
SW15 2DS,Putney Bridge
SW15 2DU,Putney Bridge
SW15 2DZ,Putney Bridge
SW15 2EX,Putney Bridge
SW15 2FJ,Putney Bridge
SW15 2FU,Putney Bridge
SW15 2JJ,Putney Bridge
SW15 2LF,Putney Bridge
SW15 2LJ,Putney Bridge
SW15 2LL,Putney Bridge
SW15 2LS,Putney Bridge
SW15 2NJ,Putney Bridge
SW15 2QA,Putney Bridge
SW15 2QS,Putney Bridge
SW15 2QU,Putney Bridge
SW15 2RL,Putney Bridge
SW15 2RN,Putney Bridge
SW15 2RR,Putney Bridge
SW15 2RT,Putney Bridge
SW15 2TX,Putney Bridge
SW15 2UF,Putney Bridge
SW15 2UG,Putney Bridge
SW15 3HF,Putney Bridge
SW15 3HJ,Putney Bridge
SW15 3JG,Putney Bridge
SW15 3JX,Putney Bridge
SW15 3LP,Putney Bridge
SW15 3NY,Putney Bridge
SW15 3PG,Putney Bridge
SW15 3RN,Putney Bridge
SW15 3TJ,Putney Bridge
SW15 3TN,Putney Bridge
SW15 4HH,Putney Bridge
SW15 4HW,Putney Bridge
SW15 5BU,Putney Bridge
SW15 5ER,Putney Bridge
SW15 5HJ,Putney Bridge
SW15 5JS,Putney Bridge
SW15 5LX,Putney Bridge
SW15 5QT,Putney Bridge
SW15 5QU,Putney Bridge
SW15 6AR,Putney Bridge
SW15 6ED,Putney Bridge
SW15 6ES,Putney Bridge
SW15 6FF,Putney Bridge
SW15 6JR,Putney Bridge
SW15 6LD,Putney Bridge
SW15 6LL,Putney Bridge
SW15 6LN,Putney Bridge
SW15 6NE,Putney Bridge
SW15 6NH,Putney Bridge
SW15 6NN,Putney Bridge
SW15 6NZ,Putney Bridge
SW15 6QG,Putney Bridge
SW15 6QQ,Putney Bridge
SW15 6RJ,Putney Bridge
SW15 6RQ,Putney Bridge
SW15 6TR,Putney Bridge
SW15 6UU,Putney Bridge
SW16 1AF,Streatham
SW16 1LF,Streatham
SW16 1QF,Streatham
SW16 1QW,Streatham
SW16 1RB,Streatham
SW16 1RD,Streatham
SW16 1UQ,Streatham
SW16 2AE,Streatham
SW16 2AQ,Streatham
SW16 2BY,Streatham
SW16 2BZ,Streatham
SW16 2EU,Streatham
SW16 2JU,Streatham
SW16 2UW,Streatham
SW16 3HA,Streatham
SW16 5HR,Streatham
SW16 5PE,Streatham
SW17  8SF,Tooting
SW17 0AA,Tooting
SW17 0EE,Tooting
SW17 0EG,Tooting
SW17 0EP,Tooting
SW17 0EQ,Tooting
SW17 0GU,Tooting
SW17 0TR,Tooting
SW17 7AP,Tooting
SW17 7AQ,Tooting
SW17 7DH,Tooting
SW17 7DL,Tooting
SW17 7DN,Tooting
SW17 7DX,Tooting
SW17 7EB,Tooting
SW17 7ED,Tooting
SW17 7HG,Tooting
SW17 7HH,Tooting
SW17 7JA,Tooting
SW17 7NE,Tooting
SW17 7PL,Tooting
SW17 7PT,Tooting
SW17 7PX,Tooting
SW17 7QN,Tooting
SW17 7QP,Tooting
SW17 7QW,Tooting
SW17 7RG,Tooting
SW17 7RR,Tooting
SW17 7RT,Tooting
SW17 8AY,Tooting
SW17 8BW,Tooting
SW17 8DJ,Tooting
SW17 8DN,Tooting
SW17 8EN,Tooting
SW17 8EP,Tooting
SW17 8ER,Tooting
SW17 8EW,Tooting
SW17 8JL,Tooting
SW17 8LW,Tooting
SW17 8QY,Tooting
SW17 8QZ,Tooting
SW17 8RA,Tooting
SW17 8RD,Tooting
SW17 8RL,Tooting
SW17 8RN,Tooting
SW17 8RR,Tooting
SW17 8RU,Tooting
SW17 8SF,Tooting
SW17 8UB,Tooting
SW17 9NE,Tooting
SW18 1AB,Wandsworth Town
SW18 1AD,Wandsworth Town
SW18 1AH,Wandsworth Town
SW18 1AL,Wandsworth Town
SW18 1AR,Wandsworth Town
SW18 1AS,Wandsworth Town
SW18 1AW,Wandsworth Town
SW18 1AX,Wandsworth Town
SW18 1AY,Wandsworth Town
SW18 1BG,Wandsworth Town
SW18 1BX,Wandsworth Town
SW18 1DB,Wandsworth Town
SW18 1FQ,Wandsworth Town
SW18 1FR,Wandsworth Town
SW18 1FT,Wandsworth Town
SW18 1FU,Wandsworth Town
SW18 1GJ,Wandsworth Town
SW18 1GN,Wandsworth Town
SW18 1GR,Wandsworth Town
SW18 1GS,Wandsworth Town
SW18 1HB,Wandsworth Town
SW18 1JE,Wandsworth Town
SW18 1LE,Wandsworth Town
SW18 1NU,Wandsworth Town
SW18 1PA,Wandsworth Town
SW18 1PP,Wandsworth Town
SW18 1PZ,Wandsworth Town
SW18 1QG,Wandsworth Town
SW18 1RB,Wandsworth Town
SW18 1RS,Wandsworth Town
SW18 1SF,Wandsworth Town
SW18 1SS,Wandsworth Town
SW18 1SZ,Wandsworth Town
SW18 1TA,Wandsworth Town
SW18 1TF,Wandsworth Town
SW18 1TH,Wandsworth Town
SW18 1TQ,Wandsworth Town
SW18 1TZ,Wandsworth Town
SW18 1UA,Wandsworth Town
SW18 1UE,Wandsworth Town
SW18 1UF,Wandsworth Town
SW18 2BQ,Wandsworth Town
SW18 2BS,Wandsworth Town
SW18 2DA,Wandsworth Town
SW18 2DB,Wandsworth Town
SW18 2DD,Wandsworth Town
SW18 2DG,Wandsworth Town
SW18 2DN,Wandsworth Town
SW18 2DP,Wandsworth Town
SW18 2DQ,Wandsworth Town
SW18 2DS,Wandsworth Town
SW18 2DT,Wandsworth Town
SW18 2DU,Wandsworth Town
SW18 2DX,Wandsworth Town
SW18 2DY,Wandsworth Town
SW18 2DZ,Wandsworth Town
SW18 2ED,Wandsworth Town
SW18 2EE,Wandsworth Town
SW18 2EJ,Wandsworth Town
SW18 2EL,Wandsworth Town
SW18 2EN,Wandsworth Town
SW18 2EQ,Wandsworth Town
SW18 2HG,Wandsworth Town
SW18 2HQ,Wandsworth Town
SW18 2HR,Wandsworth Town
SW18 2JB,Wandsworth Town
SW18 2LR,Wandsworth Town
SW18 2LT,Wandsworth Town
SW18 2ND,Wandsworth Town
SW18 2NN,Wandsworth Town
SW18 2NR,Wandsworth Town
SW18 2NS,Wandsworth Town
SW18 2NT,Wandsworth Town
SW18 2NW,Wandsworth Town
SW18 2NX,Wandsworth Town
SW18 2PG,Wandsworth Town
SW18 2PJ,Wandsworth Town
SW18 2PW,Wandsworth Town
SW18 2QE,Wandsworth Town
SW18 2QF,Wandsworth Town
SW18 2QG,Wandsworth Town
SW18 2QH,Wandsworth Town
SW18 2QL,Wandsworth Town
SW18 2QN,Wandsworth Town
SW18 2QP,Wandsworth Town
SW18 2QW,Wandsworth Town
SW18 2QZ,Wandsworth Town
SW18 2RE,Wandsworth Town
SW18 2RH,Wandsworth Town
SW18 2RL,Wandsworth Town
SW18 2RS,Wandsworth Town
SW18 2SL,Wandsworth Town
SW18 2SU,Wandsworth Town
SW18 3AG,Wandsworth Town
SW18 3AT,Wandsworth Town
SW18 3AX,Wandsworth Town
SW18 3AY,Wandsworth Town
SW18 3BA,Wandsworth Town
SW18 3BD,Wandsworth Town
SW18 3BG,Wandsworth Town
SW18 3BN,Wandsworth Town
SW18 3DA,Wandsworth Town
SW18 3DG,Wandsworth Town
SW18 3DN,Wandsworth Town
SW18 3DY,Wandsworth Town
SW18 3EP,Wandsworth Town
SW18 3JN,Wandsworth Town
SW18 3JY,Wandsworth Town
SW18 3NH,Wandsworth Town
SW18 3NY,Wandsworth Town
SW18 3QT,Wandsworth Town
SW18 3RG,Wandsworth Town
SW18 3RR,Wandsworth Town
SW18 3RT,Wandsworth Town
SW18 3SN,Wandsworth Town
SW18 3SX,Wandsworth Town
SW18 3TF,Wandsworth Town
SW18 4AG,Wandsworth Town
SW18 4EE,Wandsworth Town
SW18 4FR,Wandsworth Town
SW18 4GL,Wandsworth Town
SW18 4GN,Wandsworth Town
SW18 4GY,Wandsworth Town
SW18 4NU,Wandsworth Town
SW18 4SW,Wandsworth Town
SW18 5AG,Wandsworth Town
SW18 5HA,Wandsworth Town
SW18 5JF,Wandsworth Town
SW18 5NN,Wandsworth Town
SW18 5SJ,Wandsworth Town
SW19 1JR,Wimbledon
SW19 1NP,Wimbledon
SW19 2BY,Wimbledon
SW19 3HH,Wimbledon
SW19 3JU,Wimbledon
SW19 3ND,Wimbledon
SW19 4AG,Wimbledon
SW19 4AQ,Wimbledon
SW19 4BJ,Wimbledon
SW19 4EW,Wimbledon
SW19 4HF,Wimbledon
SW19 4HS,Wimbledon
SW19 4HU,Wimbledon
SW19 4JQ,Wimbledon
SW19 4LF,Wimbledon
SW19 4ND,Wimbledon
SW19 4NP,Wimbledon
SW19 4NY,Wimbledon
SW19 4PA,Wimbledon
SW19 4PU,Wimbledon
SW19 4QA,Wimbledon
SW19 4QF,Wimbledon
SW19 4QS,Wimbledon
SW19 4QY,Wimbledon
SW19 4RD,Wimbledon
SW19 4RP,Wimbledon
SW19 4RQ,Wimbledon
SW19 4RU,Wimbledon
SW19 4SG,Wimbledon
SW19 4SX,Wimbledon
SW19 4UF,Wimbledon
SW19 4UU,Wimbledon
SW19 5BL,Wimbledon
SW19 5ES,Wimbledon
SW19 5HL,Wimbledon
SW19 5HR,Wimbledon
SW19 5HU,Wimbledon
SW19 5JZ,Wimbledon
SW19 5NE,Wimbledon
SW19 5NL,Wimbledon
SW19 5QF,Wimbledon
SW19 5QH,Wimbledon
SW19 5QN,Wimbledon
SW19 5QR,Wimbledon
SW19 5QT,Wimbledon
SW19 6AY,Wimbledon
SW19 6AZ,Wimbledon
SW19 7BP,Wimbledon
SW19 7DN,Wimbledon
SW19 7DP,Wimbledon
SW19 7DW,Wimbledon
SW19 7EA,Wimbledon
SW19 7JG,Wimbledon
SW19 7JQ,Wimbledon
SW19 7LW,Wimbledon
SW19 7PD,Wimbledon
SW19 7PQ,Wimbledon
SW19 7QU,Wimbledon
SW19 8BD,Wimbledon
SW19 8LF,Wimbledon
SW19 8LU,Wimbledon
SW19 8LX,Wimbledon
SW19 8NY,Wimbledon
SW19 8NZ,Wimbledon
SW19 8PA,Wimbledon
SW19 8PN,Wimbledon
SW19 8PR,Wimbledon
SW19 8RB,Wimbledon
SW19 8RZ,Wimbledon
SW19 8SH,Wimbledon
SW19 8SZ,Wimbledon
SW19 8TA,Wimbledon
SW1A 1JT,Westminster
SW1A 1LP,Westminster
SW1A 1PH,Westminster
SW1A 1RD,Westminster
SW1A 2BD,Westminster
SW1E 5BA,Victoria
SW1E 5BJ,Victoria
SW1E 6AL,Victoria
SW1E 6AN,Victoria
SW1E 6LB,Victoria
SW1E 6PA,Victoria
SW1E 6PB,Victoria
SW1E 6PE,Victoria
SW1H 0AA,Westminster
SW1H 0HX,Westminster
SW1H 0HY,Westminster
SW1H 9AA,Westminster
SW1H 9HE,Westminster
SW1P 1AB,Victoria
SW1P 1ET,Victoria
SW1P 1EZ,Victoria
SW1P 1HL,Victoria
SW1P 1HN,Victoria
SW1P 1LQ,Victoria
SW1P 1NH,Victoria
SW1P 1PD,Victoria
SW1P 1QN,Victoria
SW1P 2AR,Victoria
SW1P 2BN,Victoria
SW1P 2EE,Victoria
SW1P 2NP,Victoria
SW1P 2PQ,Victoria
SW1P 2QN,Victoria
SW1P 2TB,Victoria
SW1P 3AF,Victoria
SW1P 3DR,Victoria
SW1P 3DS,Victoria
SW1P 3LD,Victoria
SW1P 3QH,Victoria
SW1P 4BB,Victoria
SW1P 4EA,Victoria
SW1P 4FA,Victoria
SW1P 4HD,Victoria
SW1P 4LY,Victoria
SW1V 1JQ,Victoria
SW1V 1NS,Victoria
SW1V 1QR,Victoria
SW1V 2BH,Victoria
SW1V 2BQ,Victoria
SW1V 2DB,Victoria
SW1V 2HS,Victoria
SW1V 2HX,Victoria
SW1V 2LX,Victoria
SW1V 2NS,Victoria
SW1V 3AE,Victoria
SW1V 3JY,Victoria
SW1V 3QN,Victoria
SW1V 3SE,Victoria
SW1V 4DJ,Victoria
SW1V 4LA,Victoria
SW1V 4LZ,Victoria
SW1V 4QE,Victoria
SW1W 0JA,Victoria
SW1W 0LN,Victoria
SW1W 0NY,Victoria
SW1W 0PA,Victoria
SW1W 0PB,Victoria
SW1W 0PR,Victoria
SW1W 8DD,Victoria
SW1W 8DP,Victoria
SW1W 8DQ,Victoria
SW1W 8DT,Victoria
SW1W 8DU,Victoria
SW1W 8EZ,Victoria
SW1W 8HN,Victoria
SW1W 8JE,Victoria
SW1W 8JP,Victoria
SW1W 8JR,Victoria
SW1W 8NP,Victoria
SW1W 8PG,Victoria
SW1W 8QD,Victoria
SW1W 8QL,Victoria
SW1W 8QN,Victoria
SW1W 8QP,Victoria
SW1W 8TW,Victoria
SW1W 8UP,Victoria
SW1W 9AH,Victoria
SW1W 9AP,Victoria
SW1W 9BD,Victoria
SW1W 9BG,Victoria
SW1W 9DA,Victoria
SW1W 9DF,Victoria
SW1W 9DH,Victoria
SW1W 9PB,Victoria
SW1W 9PE,Victoria
SW1W 9TB,Victoria
SW1X 0AD,Victoria
SW1X 0AX,Victoria
SW1X 0EQ,Victoria
SW1X 0HB,Victoria
SW1X 0HU,Victoria
SW1X 0HY,Victoria
SW1X 0JL,Victoria
SW1X 0JW,Victoria
SW1X 0LJ,Victoria
SW1X 7BA,Victoria
SW1X 7BB,Victoria
SW1X 7LJ,Victoria
SW1X 7PE,Victoria
SW1X 7QS,Victoria
SW1X 8AD,Victoria
SW1X 8AL,Victoria
SW1X 8BD,Victoria
SW1X 8DE,Victoria
SW1X 8EA,Victoria
SW1X 8HN,Victoria
SW1X 8LY,Victoria
SW1X 8NG,Victoria
SW1X 8RH,Victoria
SW1X 8RL,Victoria
SW1X 8RN,Victoria
SW1X 8RS,Victoria
SW1X 9DP,Victoria
SW1X 9DU,Victoria
SW1X 9DX,Victoria
SW1X 9HA,Victoria
SW1X 9HB,Victoria
SW1X 9HD,Victoria
SW1X 9JU,Victoria
SW1X 9JX,Victoria
SW1X 9RP,Victoria
SW1X 9RU,Victoria
SW1Y 5JH,Piccadilly Circus
SW1Y 6BL,Piccadilly Circus
SW1Y 6BU,Piccadilly Circus
SW1Y 6JT,Piccadilly Circus
SW2 4AY,Brixton
SW2 4GD,Brixton
SW2 4HD,Brixton
SW2 4HF,Brixton
SW2 4NX,Brixton
SW2 4ST,Brixton
SW2 4XF,Brixton
SW2 4XL,Brixton
SW2 4XQ,Brixton
SW20 0EG,Raynes Park
SW20 0ET,Raynes Park
SW20 0HJ,Raynes Park
SW20 0RY,Raynes Park
SW20 0RZ,Raynes Park
SW20 0SB,Raynes Park
SW20 8AG,Raynes Park
SW20 8HJ,Raynes Park
SW20 8JB,Raynes Park
SW20 8JG,Raynes Park
SW20 8NP,Raynes Park
SW20 8NU,Raynes Park
SW20 8PA,Raynes Park
SW20 8PD,Raynes Park
SW20 8RQ,Raynes Park
SW20 8TG,Raynes Park
SW20 8UA,Raynes Park
SW20 9DG,Raynes Park
SW3 1AP,South Kensington
SW3 1AW,South Kensington
SW3 1BA,South Kensington
SW3 1BW,South Kensington
SW3 1LJ,South Kensington
SW3 1LS,South Kensington
SW3 1PS,South Kensington
SW3 1RE,South Kensington
SW3 1RW,South Kensington
SW3 2AD,South Kensington
SW3 2AE,South Kensington
SW3 2AH,South Kensington
SW3 2ED,South Kensington
SW3 2EF,South Kensington
SW3 2JA,South Kensington
SW3 2LD,South Kensington
SW3 2LE,South Kensington
SW3 2LQ,South Kensington
SW3 2NH,South Kensington
SW3 2RB,South Kensington
SW3 2RE,South Kensington
SW3 2RJ,South Kensington
SW3 2SB,South Kensington
SW3 2TH,South Kensington
SW3 3AA,South Kensington
SW3 3BX,South Kensington
SW3 3HE,South Kensington
SW3 3LD,South Kensington
SW3 3NP,South Kensington
SW3 4AR,South Kensington
SW3 4BL,South Kensington
SW3 4BN,South Kensington
SW3 4BP,South Kensington
SW3 4DL,South Kensington
SW3 4DU,South Kensington
SW3 4DY,South Kensington
SW3 4NW,South Kensington
SW3 4TQ,South Kensington
SW3 5AP,South Kensington
SW3 5BZ,South Kensington
SW3 5DQ,South Kensington
SW3 5HA,South Kensington
SW3 5JB,South Kensington
SW3 5LX,South Kensington
SW3 5NT,South Kensington
SW3 5PN,South Kensington
SW3 5QP,South Kensington
SW3 6AE,South Kensington
SW3 6BJ,South Kensington
SW3 6DB,South Kensington
SW3 6DT,South Kensington
SW3 6DU,South Kensington
SW3 6EX,South Kensington
SW3 6JZ,South Kensington
SW3 6LH,South Kensington
SW3 6QJ,South Kensington
SW3 6RS,South Kensington
SW4 0AA,Clapham Common
SW4 0AB,Clapham Common
SW4 0AS,Clapham Common
SW4 0BG,Clapham Common
SW4 0DB,Clapham Common
SW4 0DN,Clapham Common
SW4 0DZ,Clapham Common
SW4 0HQ,Clapham Common
SW4 0LF,Clapham Common
SW4 0LP,Clapham Common
SW4 0NH,Clapham Common
SW4 0NP,Clapham Common
SW4 0PF,Clapham Common
SW4 0QD,Clapham Common
SW4 0QH,Clapham Common
SW4 0QU,Clapham Common
SW4 0QX,Clapham Common
SW4 6DR,Clapham Common
SW4 6HA,Clapham Common
SW4 6HB,Clapham Common
SW4 6HE,Clapham Common
SW4 6HR,Clapham Common
SW4 6HS,Clapham Common
SW4 6LB,Clapham Common
SW4 7BW,Clapham Common
SW4 7EB,Clapham Common
SW4 7EX,Clapham Common
SW4 7QH,Clapham Common
SW4 7TP,Clapham Common
SW4 7UZ,Clapham Common
SW4 8AG,Clapham Common
SW4 8QL,Clapham Common
SW4 9AU,Clapham Common
SW4 9DX,Clapham Common
SW4 9ED,Clapham Common
SW4 9EE,Clapham Common
SW4 9EL,Clapham Common
SW4 9ER,Clapham Common
SW4 9HD,Clapham Common
SW4 9HG,Clapham Common
SW4 9HJ,Clapham Common
SW4 9HP,Clapham Common
SW4 9HQ,Clapham Common
SW4 9HU,Clapham Common
SW4 9JL,Clapham Common
SW4 9LT,Clapham Common
SW4 9RR,Clapham Common
SW4 9SB,Clapham Common
SW4 9SD,Clapham Common
SW4 9SE,Clapham Common
SW4 9SH,Clapham Common
SW5 0AQ,Earl's Court
SW5 0AY,Earl's Court
SW5 0DL,Earl's Court
SW5 0ED,Earl's Court
SW5 0EE,Earl's Court
SW5 0ER,Earl's Court
SW5 0HQ,Earl's Court
SW5 0JE,Earl's Court
SW5 0JP,Earl's Court
SW5 0ND,Earl's Court
SW5 0PD,Earl's Court
SW5 0PH,Earl's Court
SW5 0PT,Earl's Court
SW5 0QF,Earl's Court
SW5 0QH,Earl's Court
SW5 0RQ,Earl's Court
SW5 0SJ,Earl's Court
SW5 9DG,Earl's Court
SW5 9DN,Earl's Court
SW5 9DQ,Earl's Court
SW5 9DY,Earl's Court
SW5 9EB,Earl's Court
SW5 9EY,Earl's Court
SW5 9HN,Earl's Court
SW5 9HW,Earl's Court
SW5 9JS,Earl's Court
SW5 9JT,Earl's Court
SW5 9NN,Earl's Court
SW5 9TJ,Earl's Court
SW6 1EY,Imperial Wharf
SW6 1FA,Imperial Wharf
SW6 1FU,Imperial Wharf
SW6 1JA,Imperial Wharf
SW6 1JJ,Imperial Wharf
SW6 1JP,Imperial Wharf
SW6 1QR,Imperial Wharf
SW6 1RB,Imperial Wharf
SW6 1UE,Imperial Wharf
SW6 2AL,Imperial Wharf
SW6 2BD,Imperial Wharf
SW6 2DR,Imperial Wharf
SW6 2ES,Imperial Wharf
SW6 2FJ,Imperial Wharf
SW6 2FQ,Imperial Wharf
SW6 2FS,Imperial Wharf
SW6 2FT,Imperial Wharf
SW6 2GZ,Imperial Wharf
SW6 2HH,Imperial Wharf
SW6 2HJ,Imperial Wharf
SW6 2JE,Imperial Wharf
SW6 2PT,Imperial Wharf
SW6 2RB,Imperial Wharf
SW6 2RQ,Imperial Wharf
SW6 2SD,Imperial Wharf
SW6 2SF,Imperial Wharf
SW6 2TB,Imperial Wharf
SW6 2TG,Imperial Wharf
SW6 2TR,Imperial Wharf
SW6 3AH,Imperial Wharf
SW6 3BB,Imperial Wharf
SW6 3DZ,Imperial Wharf
SW6 3LF,Imperial Wharf
SW6 3LY,Imperial Wharf
SW6 3PT,Imperial Wharf
SW6 3QJ,Imperial Wharf
SW6 3QR,Imperial Wharf
SW6 3RB,Imperial Wharf
SW6 3RT,Imperial Wharf
SW6 3SL,Imperial Wharf
SW6 3SN,Imperial Wharf
SW6 3SR,Imperial Wharf
SW6 3SS,Imperial Wharf
SW6 3ST,Imperial Wharf
SW6 3SU,Imperial Wharf
SW6 3SW,Imperial Wharf
SW6 3TQ,Imperial Wharf
SW6 3TR,Imperial Wharf
SW6 4AL,Imperial Wharf
SW6 4AQ,Imperial Wharf
SW6 4EA,Imperial Wharf
SW6 4JJ,Imperial Wharf
SW6 4JX,Imperial Wharf
SW6 4JZ,Imperial Wharf
SW6 4LA,Imperial Wharf
SW6 4PS,Imperial Wharf
SW6 4QX,Imperial Wharf
SW6 4QZ,Imperial Wharf
SW6 4RH,Imperial Wharf
SW6 4TT,Imperial Wharf
SW6 4UP,Imperial Wharf
SW6 5BQ,Imperial Wharf
SW6 5DP,Imperial Wharf
SW6 5EA,Imperial Wharf
SW6 5EF,Imperial Wharf
SW6 5JB,Imperial Wharf
SW6 5LN,Imperial Wharf
SW6 5LW,Imperial Wharf
SW6 5NA,Imperial Wharf
SW6 5PB,Imperial Wharf
SW6 5RF,Imperial Wharf
SW6 5SA,Imperial Wharf
SW6 5SP,Imperial Wharf
SW6 6EY,Imperial Wharf
SW6 6JP,Imperial Wharf
SW6 6NE,Imperial Wharf
SW6 6NX,Imperial Wharf
SW6 6QE,Imperial Wharf
SW6 6RA,Imperial Wharf
SW6 6RB,Imperial Wharf
SW6 6TA,Imperial Wharf
SW6 6TU,Imperial Wharf
SW6 7AB,Imperial Wharf
SW6 7AD,Imperial Wharf
SW6 7AS,Imperial Wharf
SW6 7BA,Imperial Wharf
SW6 7BB,Imperial Wharf
SW6 7BH,Imperial Wharf
SW6 7BL,Imperial Wharf
SW6 7BN,Imperial Wharf
SW6 7DB,Imperial Wharf
SW6 7EH,Imperial Wharf
SW6 7EJ,Imperial Wharf
SW6 7EU,Imperial Wharf
SW6 7TP,Imperial Wharf
SW6 7UE,Imperial Wharf
SW7 1BB,South Kensington
SW7 1BH,South Kensington
SW7 1BX,South Kensington
SW7 1DX,South Kensington
SW7 1DY,South Kensington
SW7 1EA,South Kensington
SW7 1HB,South Kensington
SW7 1JF,South Kensington
SW7 1NF,South Kensington
SW7 1NP,South Kensington
SW7 1PD,South Kensington
SW7 1PJ,South Kensington
SW7 1PL,South Kensington
SW7 1QJ,South Kensington
SW7 1RH,South Kensington
SW7 2BH,South Kensington
SW7 2BL,South Kensington
SW7 2NQ,South Kensington
SW7 2RU,South Kensington
SW7 2TB,South Kensington
SW7 3BD,South Kensington
SW7 3BT,South Kensington
SW7 3DD,South Kensington
SW7 3PE,South Kensington
SW7 3PG,South Kensington
SW7 3PY,South Kensington
SW7 3QB,South Kensington
SW7 3RA,South Kensington
SW7 4AN,South Kensington
SW7 4AU,South Kensington
SW7 4AX,South Kensington
SW7 4BA,South Kensington
SW7 4BE,South Kensington
SW7 4BQ,South Kensington
SW7 4DG,South Kensington
SW7 4JA,South Kensington
SW7 4NN,South Kensington
SW7 4SB,South Kensington
SW7 4TS,South Kensington
SW7 5DT,South Kensington
SW7 5JW,South Kensington
SW7 5NU,South Kensington
SW7 5PL,South Kensington
SW7 5QG,South Kensington
SW7 5QX,South Kensington
SW7 5RR,South Kensington
SW8 1QA,Vauxhall
SW8 1UD,Vauxhall
SW8 2BW,Vauxhall
SW8 2DA,Vauxhall
SW8 2DU,Vauxhall
SW8 2LR,Vauxhall
SW8 3JF,Vauxhall
SW8 3PB,Vauxhall
SW8 3QD,Vauxhall
SW8 3RJ,Vauxhall
SW8 3TA,Vauxhall
SW8 3TJ,Vauxhall
SW8 4DN,Vauxhall
SW8 5BE,Vauxhall
SW8 5BZ,Vauxhall
SW9 9BT,Brixton
SW9 9LT,Brixton
SW9 9PH,Brixton
SW9 9PQ,Brixton
TW8 9NH,Kew Bridge
W10 6EN,Latimer Road
W10 6PB,Latimer Road
W10 6QP,Latimer Road
W11 1HR,Ladbroke Grove
W11 1PG,Ladbroke Grove
W11 1PS,Ladbroke Grove
W11 2AN,Ladbroke Grove
W11 2HE,Ladbroke Grove
W11 2HW,Ladbroke Grove
W11 2LB,Ladbroke Grove
W11 2NA,Ladbroke Grove
W11 2SU,Ladbroke Grove
W11 3BP,Ladbroke Grove
W11 3BU,Ladbroke Grove
W11 3DS,Ladbroke Grove
W11 3EL,Ladbroke Grove
W11 3EN,Ladbroke Grove
W11 3HA,Ladbroke Grove
W11 3HN,Ladbroke Grove
W11 3NT,Ladbroke Grove
W11 3QU,Ladbroke Grove
W11 4NJ,Ladbroke Grove
W11 4UE,Ladbroke Grove
W12 0JR,Shepherd's Bush
W12 0PH,Shepherd's Bush
W12 7BG,Shepherd's Bush
W12 7FS,Shepherd's Bush
W12 7FT,Shepherd's Bush
W12 7GJ,Shepherd's Bush
W12 7GN,Shepherd's Bush
W12 7GP,Shepherd's Bush
W12 7GR,Shepherd's Bush
W12 7GS,Shepherd's Bush
W12 7HG,Shepherd's Bush
W12 7JY,Shepherd's Bush
W12 7QY,Shepherd's Bush
W12 8BG,Shepherd's Bush
W12 8EE,Shepherd's Bush
W12 8JA,Shepherd's Bush
W12 8JF,Shepherd's Bush
W12 8JN,Shepherd's Bush
W12 8JW,Shepherd's Bush
W12 8LE,Shepherd's Bush
W12 8NW,Shepherd's Bush
W12 9BD,Shepherd's Bush
W12 9BQ,Shepherd's Bush
W12 9DA,Shepherd's Bush
W12 9PY,Shepherd's Bush
W12 9RJ,Shepherd's Bush
W12 9RZ,Shepherd's Bush
W12 9SJ,Shepherd's Bush
W12 9TD,Shepherd's Bush
W13 0FD,West Ealing
W13 0JA,West Ealing
W13 8AP,West Ealing
W13 8BH,West Ealing
W13 8LY,West Ealing
W13 8RA,West Ealing
W13 9NB,West Ealing
W13 9QB,West Ealing
W14 0AJ,West Kensington
W14 0AU,West Kensington
W14 0DA,West Kensington
W14 0DP,West Kensington
W14 0DS,West Kensington
W14 0EB,West Kensington
W14 0ES,West Kensington
W14 0NJ,West Kensington
W14 0NP,West Kensington
W14 0NR,West Kensington
W14 0PS,West Kensington
W14 0RP,West Kensington
W14 0RR,West Kensington
W14 0SR,West Kensington
W14 8DA,West Kensington
W14 8EE,West Kensington
W14 8FE,West Kensington
W14 8HB,West Kensington
W14 8HH,West Kensington
W14 8HL,West Kensington
W14 8JS,West Kensington
W14 8LG,West Kensington
W14 8LQ,West Kensington
W14 8QQ,West Kensington
W14 8QW,West Kensington
W14 8SN,West Kensington
W14 8XW,West Kensington
W14 9HA,West Kensington
W14 9SF,West Kensington
W1B 1NX,Oxford Circus
W1B 1PW,Oxford Circus
W1F 8AZ,Oxford Circus
W1G 6BF,Oxford Circus
W1G 6BT,Oxford Circus
W1G 6DD,Oxford Circus
W1G 6DH,Oxford Circus
W1G 6LG,Oxford Circus
W1G 6LU,Oxford Circus
W1G 6PY,Oxford Circus
W1G 6QW,Oxford Circus
W1G 7BA,Oxford Circus
W1G 7EB,Oxford Circus
W1G 7EG,Oxford Circus
W1G 8AE,Oxford Circus
W1G 8PD,Oxford Circus
W1G 8PE,Oxford Circus
W1G 8PS,Oxford Circus
W1G 8PT,Oxford Circus
W1G 8QE,Oxford Circus
W1G 9NF,Oxford Circus
W1G 9XE,Oxford Circus
W1H 1DB,Oxford Circus
W1H 1RP,Oxford Circus
W1H 2BW,Oxford Circus
W1H 2DH,Oxford Circus
W1H 2DX,Oxford Circus
W1H 2JR,Oxford Circus
W1H 2LW,Oxford Circus
W1H 4DR,Oxford Circus
W1H 4NF,Oxford Circus
W1H 4QF,Oxford Circus
W1H 5HW,Oxford Circus
W1H 5JH,Oxford Circus
W1H 5ZA,Oxford Circus
W1H 6LE,Oxford Circus
W1H 7EX,Oxford Circus
W1H 7HB,Oxford Circus
W1H 7HE,Oxford Circus
W1J 0AX,Green Park
W1J 5HG,Green Park
W1J 5JX,Green Park
W1J 7FZ,Green Park
W1J 7RG,Green Park
W1J 7TY,Green Park
W1J 8JB,Green Park
W1K 1PU,Bond Street
W1K 2JZ,Bond Street
W1K 2NP,Bond Street
W1K 2RP,Bond Street
W1K 4AB,Bond Street
W1K 6LD,Bond Street
W1K 6LE,Bond Street
W1K 6RG,Bond Street
W1K 6RL,Bond Street
W1K 7AF,Bond Street
W1K 7AJ,Bond Street
W1K 7JB,Bond Street
W1S 1NR,Green Park
W1S 2QJ,Green Park
W1S 3AR,Green Park
W1S 3NB,Green Park
W1S 4HY,Green Park
W1T 1HF,Goodge Street
W1T 1JN,Goodge Street
W1T 1PN,Goodge Street
W1T 3BF,Goodge Street
W1T 3BH,Goodge Street
W1T 3BJ,Goodge Street
W1T 6DS,Goodge Street
W1T 6NG,Goodge Street
W1T 6NU,Goodge Street
W1U 2LR,Bond Street
W1U 3ET,Bond Street
W1U 4EJ,Bond Street
W1U 4PY,Bond Street
W1U 5BR,Bond Street
W1U 5BS,Bond Street
W1U 5ER,Bond Street
W1U 5LU,Bond Street
W1U 5NH,Bond Street
W1U 6AW,Bond Street
W1U 6BN,Bond Street
W1U 6BT,Bond Street
W1U 6BU,Bond Street
W1U 6NJ,Bond Street
W1U 6NT,Bond Street
W1U 7NP,Bond Street
W1U 7NX,Bond Street
W1U 8AG,Bond Street
W1W 5DZ,Goodge Street
W1W 6JN,Goodge Street
W1W 6RP,Goodge Street
W1W 6RR,Goodge Street
W1W 7LS,Goodge Street
W1W 8SN,Goodge Street
W2 1JG,Paddington
W2 1SY,Paddington
W2 2AS,Paddington
W2 2JY,Paddington
W2 2LU,Paddington
W2 2NX,Paddington
W2 2SA,Paddington
W2 2SR,Paddington
W2 3AN,Paddington
W2 3EA,Paddington
W2 3LH,Paddington
W2 3PD,Paddington
W2 4EH,Paddington
W2 4HU,Paddington
W2 4JH,Paddington
W2 4JZ,Paddington
W2 4LA,Paddington
W2 4LY,Paddington
W2 4NP,Paddington
W2 4NQ,Paddington
W2 4SN,Paddington
W2 4TE,Paddington
W2 4TJ,Paddington
W2 4TQ,Paddington
W2 4TU,Paddington
W2 4WA,Paddington
W2 5AJ,Paddington
W2 5BH,Paddington
W2 5BS,Paddington
W2 5BX,Paddington
W2 5DP,Paddington
W2 5JT,Paddington
W2 5PB,Paddington
W2 5PH,Paddington
W2 5QT,Paddington
W2 6NG,Paddington
W2 6NQ,Paddington
W2 6QT,Paddington
W3 0AY,Acton Central
W3 0EA,Acton Central
W3 6DP,Acton Central
W3 6QH,Acton Central
W3 7FG,Acton Central
W3 7LR,Acton Central
W3 7RX,Acton Central
W3 7TQ,Acton Central
W3 8AN,Acton Central
W3 8AW,Acton Central
W3 8AY,Acton Central
W3 8GJ,Acton Central
W3 9AP,Acton Central
W3 9PR,Acton Central
W3 9PT,Acton Central
W3 9SF,Acton Central
W4 1AL,Chiswick Park
W4 1BL,Chiswick Park
W4 1BS,Chiswick Park
W4 1BU,Chiswick Park
W4 1BW,Chiswick Park
W4 1BY,Chiswick Park
W4 1DB,Chiswick Park
W4 1DP,Chiswick Park
W4 1EN,Chiswick Park
W4 1ER,Chiswick Park
W4 1EW,Chiswick Park
W4 1HE,Chiswick Park
W4 1JG,Chiswick Park
W4 1JZ,Chiswick Park
W4 1LJ,Chiswick Park
W4 1NB,Chiswick Park
W4 1ND,Chiswick Park
W4 1QF,Chiswick Park
W4 1QG,Chiswick Park
W4 1SE,Chiswick Park
W4 1SF,Chiswick Park
W4 1TA,Chiswick Park
W4 1TE,Chiswick Park
W4 1TF,Chiswick Park
W4 1TN,Chiswick Park
W4 1UB,Chiswick Park
W4 2BA,Chiswick Park
W4 2BZ,Chiswick Park
W4 2ER,Chiswick Park
W4 2HD,Chiswick Park
W4 2HQ,Chiswick Park
W4 2JY,Chiswick Park
W4 2LH,Chiswick Park
W4 2LJ,Chiswick Park
W4 2NN,Chiswick Park
W4 2NW,Chiswick Park
W4 2QH,Chiswick Park
W4 2QY,Chiswick Park
W4 2RU,Chiswick Park
W4 2SR,Chiswick Park
W4 2TY,Chiswick Park
W4 3BS,Chiswick Park
W4 3BY,Chiswick Park
W4 3DF,Chiswick Park
W4 3EB,Chiswick Park
W4 3EQ,Chiswick Park
W4 3HA,Chiswick Park
W4 3HP,Chiswick Park
W4 3LH,Chiswick Park
W4 3LL,Chiswick Park
W4 3LP,Chiswick Park
W4 3UQ,Chiswick Park
W4 3UR,Chiswick Park
W4 4AG,Chiswick Park
W4 4EH,Chiswick Park
W4 4ET,Chiswick Park
W4 4LT,Chiswick Park
W4 4NR,Chiswick Park
W4 4QF,Chiswick Park
W4 4QU,Chiswick Park
W4 5AP,Chiswick Park
W4 5BP,Chiswick Park
W4 5HG,Chiswick Park
W4 5JD,Chiswick Park
W4 5JR,Chiswick Park
W4 5LT,Chiswick Park
W4 5LZ,Chiswick Park
W4 5NH,Chiswick Park
W4 5NN,Chiswick Park
W4 5NW,Chiswick Park
W4 5RG,Chiswick Park
W4 5RR,Chiswick Park
W4 5UF,Chiswick Park
W5 1EP,Ealing Broadway
W5 1JX,Ealing Broadway
W5 1LT,Ealing Broadway
W5 1TD,Ealing Broadway
W5 2BT,Ealing Broadway
W5 2DW,Ealing Broadway
W5 2EX,Ealing Broadway
W5 2HB,Ealing Broadway
W5 2HE,Ealing Broadway
W5 2HT,Ealing Broadway
W5 2JB,Ealing Broadway
W5 2JF,Ealing Broadway
W5 2JU,Ealing Broadway
W5 2QB,Ealing Broadway
W5 2QS,Ealing Broadway
W5 2QY,Ealing Broadway
W5 2XA,Ealing Broadway
W5 3HJ,Ealing Broadway
W5 3HR,Ealing Broadway
W5 3LR,Ealing Broadway
W5 3NJ,Ealing Broadway
W5 3QD,Ealing Broadway
W5 3RP,Ealing Broadway
W5 3SX,Ealing Broadway
W5 4JB,Ealing Broadway
W5 4TR,Ealing Broadway
W5 5HX,Ealing Broadway
W5 5JD,Ealing Broadway
W5 5NN,Ealing Broadway
W5 5QB,Ealing Broadway
W6 0AP,Hammersmith
W6 0AU,Hammersmith
W6 0BE,Hammersmith
W6 0DT,Hammersmith
W6 0HJ,Hammersmith
W6 0HY,Hammersmith
W6 0JD,Hammersmith
W6 0NJ,Hammersmith
W6 0RR,Hammersmith
W6 0SN,Hammersmith
W6 0TU,Hammersmith
W6 0UA,Hammersmith
W6 0XX,Hammersmith
W6 7BG,Hammersmith
W6 7BL,Hammersmith
W6 7DR,Hammersmith
W6 7DS,Hammersmith
W6 7PZ,Hammersmith
W6 7QB,Hammersmith
W6 7QH,Hammersmith
W6 7RF,Hammersmith
W6 7RN,Hammersmith
W6 8NQ,Hammersmith
W6 8RB,Hammersmith
W6 9AB,Hammersmith
W6 9AG,Hammersmith
W6 9AJ,Hammersmith
W6 9AN,Hammersmith
W6 9AW,Hammersmith
W6 9BF,Hammersmith
W6 9DJ,Hammersmith
W6 9DY,Hammersmith
W6 9HS,Hammersmith
W6 9LT,Hammersmith
W7 3AS,Hanwell
W7 3QS,Hanwell
W8 4AF,High Street Kensington
W8 4AJ,High Street Kensington
W8 4HF,High Street Kensington
W8 4HH,High Street Kensington
W8 4NA,High Street Kensington
W8 4NT,High Street Kensington
W8 4SA,High Street Kensington
W8 5AE,High Street Kensington
W8 5AQ,High Street Kensington
W8 5BD,High Street Kensington
W8 5BG,High Street Kensington
W8 5HA,High Street Kensington
W8 5JH,High Street Kensington
W8 5JR,High Street Kensington
W8 5LY,High Street Kensington
W8 5QL,High Street Kensington
W8 5RF,High Street Kensington
W8 5UP,High Street Kensington
W8 6AX,High Street Kensington
W8 6BS,High Street Kensington
W8 6BX,High Street Kensington
W8 6HE,High Street Kensington
W8 6JE,High Street Kensington
W8 6LP,High Street Kensington
W8 6LZ,High Street Kensington
W8 6NH,High Street Kensington
W8 6PD,High Street Kensington
W8 6PG,High Street Kensington
W8 6PQ,High Street Kensington
W8 6QA,High Street Kensington
W8 6TS,High Street Kensington
W8 6TW,High Street Kensington
W8 6UG,High Street Kensington
W8 6UP,High Street Kensington
W8 6UW,High Street Kensington
W8 7AD,High Street Kensington
W8 7AF,High Street Kensington
W8 7AX,High Street Kensington
W8 7HX,High Street Kensington
W8 7JG,High Street Kensington
W8 7JJ,High Street Kensington
W8 7LP,High Street Kensington
W8 7ND,High Street Kensington
W8 7NP,High Street Kensington
W8 7PA,High Street Kensington
W8 7PD,High Street Kensington
W8 7PW,High Street Kensington
W8 7QJ,High Street Kensington
W8 7QN,High Street Kensington
W8 7QQ,High Street Kensington
W8 7RD,High Street Kensington
W8 7ST,High Street Kensington
W8 7SU,High Street Kensington
W9 1AZ,Maida Vale
W9 1BG,Maida Vale
W9 1DB,Maida Vale
W9 1DJ,Maida Vale
W9 1DL,Maida Vale
W9 1DW,Maida Vale
W9 1EL,Maida Vale
W9 1ES,Maida Vale
W9 1ET,Maida Vale
W9 1LX,Maida Vale
W9 1NH,Maida Vale
W9 1NP,Maida Vale
W9 1NR,Maida Vale
W9 1NS,Maida Vale
W9 1PF,Maida Vale
W9 1RW,Maida Vale
W9 1SD,Maida Vale
W9 1SZ,Maida Vale
W9 1UJ,Maida Vale
W9 2BJ,Maida Vale
W9 2BT,Maida Vale
W9 2DP,Maida Vale
W9 2DU,Maida Vale
W9 2EL,Maida Vale
W9 2EQ,Maida Vale
W9 2LF,Maida Vale
W9 2LL,Maida Vale
W9 2NP,Maida Vale
W9 2NS,Maida Vale
W9 2PD,Maida Vale
W9 2PF,Maida Vale
W9 2PZ,Maida Vale
W9 3HR,Maida Vale
W9 3JH,Maida Vale
W9 3JS,Maida Vale
WC1E 6HU,Russell Square
WC1E 6JP,Russell Square
WC1E 7AR,Russell Square
WC1E 7AX,Russell Square
WC1H 9SH,Russell Square
WC1N 1DF,Russell Square
WC1N 2AA,Russell Square
WC1N 3HB,Russell Square
WC1X 0EG,Russell Square
WC1X 0ER,Russell Square
WC1X 8ER,Russell Square
WC1X 9HF,Russell Square
WC2B 5EL,Covent Garden
WC2B 6EL,Covent Garden
WC2H 9DL,Leicester Square
WC2N 5NS,Charing Cross
WC2N 6LU,Charing Cross
WC2R 0NP,Temple
WC2R 0NR,Temple
WC2R 0PP,Temple
WC2R 1AB,Temple
