postal_code,location
E1 0EG,Shadwell
E1 0EW,Shadwell
E1 0EZ,Shadwell
E1 1EQ,Whitechapel
E1 2AA,Whitechapel
E1 2AR,Whitechapel
E1 3FE,Stepney
E1 3FY,Stepney
E1 4DY,Stepney
E1 4FX,Stepney
E1 4LR,Stepney
E1 4PP,Stepney
E1 5AG,Whitechapel
E1 5BA,Whitechapel
E1 5EN,Whitechapel
E1 5LW,Whitechapel
E1 6BP,Whitechapel
E1 6LF,Whitechapel
E1 6LW,Whitechapel
E1 6NQ,Whitechapel
E1 6NW,Whitechapel
E1 6QJ,Whitechapel
E1 6SY,Whitechapel
E1 8GH,Whitechapel
E1 8JA,Whitechapel
E1 8JT,Whitechapel
E1 8QE,Whitechapel
E14 0BB,Canary Wharf
E14 0LU,Canary Wharf
E14 3FD,Canary Wharf
E14 3SS,Canary Wharf
E14 4AW,Canary Wharf
E14 4AX,Canary Wharf
E14 4EF,Canary Wharf
E14 5SH,Canary Wharf
E14 6GT,Canary Wharf
E14 6LN,Canary Wharf
E14 6NJ,Canary Wharf
E14 7DJ,Canary Wharf
E14 7DX,Canary Wharf
E14 7SZ,Canary Wharf
E14 8AY,Limehouse
E14 8BB,Limehouse
E14 8BP,Canary Wharf
E14 8DB,Canary Wharf
E14 8DD,Limehouse
E14 8DH,Limehouse
E14 8DQ,Limehouse
E14 8DW,Canary Wharf
E14 8EH,Canary Wharf
E14 8JX,Canary Wharf
E14 8RJ,Canary Wharf
E14 8RN,Canary Wharf
E14 8RP,Canary Wharf
E14 9BL,Canary Wharf
E14 9BU,Canary Wharf
E14 9DB,Canary Wharf
E14 9DF,Canary Wharf
E14 9DQ,Canary Wharf
E14 9EG,Canary Wharf
E14 9EX,Canary Wharf
E14 9JD,Canary Wharf
E14 9JJ,Canary Wharf
E14 9JW,Canary Wharf
E14 9LT,Canary Wharf
E14 9LU,Canary Wharf
E14 9PL,Canary Wharf
E14 9PW,Canary Wharf
E14 9QL,Canary Wharf
E14 9RG,Canary Wharf
E14 9RT,Canary Wharf
E14 9RU,Canary Wharf
E14 9SG,Canary Wharf
E14 9SH,Canary Wharf
E14 9TA,Canary Wharf
E14 9TP,Canary Wharf
E14 9WE,Canary Wharf
E14 9YT,Canary Wharf
E15 1FY,Stratford
E16 1AQ,Canning Town
E16 1AS,Canning Town
E16 1BD,Canning Town
E16 1BL,Canning Town
E16 1BU,Canning Town
E16 1BW,Canning Town
E16 1FG,Canning Town
E16 1YU,Canning Town
E16 2ER,Norwich
E16 2GY,Norwich
E16 2PL,Norwich
E16 2QJ,Norwich
E16 2TF,Norwich
E1W 1AB,Wapping
E1W 1AE,Wapping
E1W 1AG,Wapping
E1W 1AJ,Wapping
E1W 1AT,Wapping
E1W 1BE,Wapping
E1W 1NG,Wapping
E1W 1NJ,Wapping
E1W 1PW,Wapping
E1W 2AH,Wapping
E1W 2BA,Wapping
E1W 2BQ,Wapping
E1W 2BS,Wapping
E1W 2JB,Wapping
E1W 2JD,Wapping
E1W 2ND,Wapping
E1W 2PB,Wapping
E1W 2RR,Wapping
E1W 2RX,Wapping
E1W 2UY,Wapping
E1W 2YG,Wapping
E1W 3HU,Wapping
E1W 3NN,Wapping
E1W 3QS,Wapping
E1W 3TX,Wapping
E2 0EL,Bethnal Green
E2 6DE,Bethnal Green
E2 6EA,Bethnal Green
E2 6FX,Bethnal Green
E2 6GE,Bethnal Green
E2 7BX,Bethnal Green
E2 7BY,Bethnal Green
E2 7PQ,Bethnal Green
E2 8AG,Bethnal Green
E2 8AS,Bethnal Green
E2 8ER,Bethnal Green
E2 8FS,Bethnal Green
E2 8HH,Bethnal Green
E2 8HN,Bethnal Green
E2 8NA,Bethnal Green
E2 8QF,Bethnal Green
E2 9JE,Bethnal Green
E2 9JR,Bethnal Green
E2 9RA,Bethnal Green
E20 1GY,Newham
E3 2AB,Bow
E3 2DA,Bow
E3 2JR,Bow
E3 2RT,Bow
E3 2UJ,Bow
E3 3AN,Bow
E3 3GW,Bow
E3 3PJ,Bow
E3 3QE,Bow
E3 3QH,Bow
E3 3TF,Bow
E3 4EF,Bow
E3 5AL,Bow
E3 5AZ,Bow
E3 5GF,Bow
E3 5GG,Bow
E3 5NQ,Bow
E4 6JH,Chingford
E5 0NH,Clapton
E5 8DE,Clapton
E5 8DF,Clapton
E5 9BU,Clapton
E8 1AP,Hackney
E8 1BZ,Hackney
E8 1DQ,Hackney
E8 1FA,Hackney
E8 1HE,Hackney
E8 1JH,Hackney
E8 1LP,Hackney
E8 1LX,Hackney
E8 1NA,Hackney
E8 1NG,Hackney
E8 2AA,Hackney
E8 2AG,Hackney
E8 2AW,Hackney
E8 2HE,Hackney
E8 2NW,Hackney
E8 3AA,Hackney
E8 3AH,Hackney
E8 3AQ,Hackney
E8 3AR,Hackney
E8 3BJ,Hackney
E8 3BL,Hackney
E8 3BQ,Hackney
E8 3ER,Hackney
E8 3FF,Hackney
E8 3GT,Hackney
E8 3GX,Hackney
E8 3LJ,Hackney
E8 3QW,Hackney
E8 3RH,Hackney
E8 4BS,Hackney
E8 4DJ,Hackney
E8 4DQ,Hackney
E8 4DS,Hackney
E8 4EG,Hackney
E8 4FB,Hackney
E8 4FL,Hackney
E8 4LG,Hackney
E9 5BZ,Hackney
E9 5DT,Hackney
E9 5EB,Hackney
E9 5EL,Hackney
E9 5EN,Hackney
E9 5HE,Hackney
E9 5HP,Hackney
E9 5NW,Hackney
E9 5SL,Hackney
E9 5SX,Hackney
E9 5SZ,Hackney
E9 6BH,Hackney
E9 6FA,Hackney
E9 6FJ,Hackney
E9 6HP,Hackney
E9 7AH,South Hackney
E9 7AU,South Hackney
E9 7BY,South Hackney
E9 7DS,South Hackney
E9 7DT,Hackney
E9 7EB,Hackney
E9 7ED,Hackney
E9 7EE,South Hackney
E9 7EF,South Hackney
E9 7EH,South Hackney
E9 7HQ,South Hackney
E9 7HR,South Hackney
E9 7HS,South Hackney
E9 7HW,South Hackney
E9 7LF,South Hackney
E9 7PJ,South Hackney
E9 7PQ,South Hackney
E9 7SF,South Hackney
E9 7SN,South Hackney
E9 7SX,South Hackney
E9 7TT,South Hackney
EC1A 7BB,South Hackney
EC1A 7BD,Barts Square
EC1A 7BF,Farringdon
EC1A 7LS,Farringdon
EC1A 9DS,Smithfield
EC1A 9DY,Clerkenwell
EC1M 4DT,Clerkenwell
EC1M 4NP,Clerkenwell
EC1M 5PY,Clerkenwell
EC1M 7AN,Clerkenwell
EC1N 8JJ,Clerkenwell
EC1N 8QS,Clerkenwell
EC1N 8QX,Clerkenwell
EC1N 8RU,Clerkenwell
EC1N 8TE,Clerkenwell
EC1R 0LN,Clerkenwell
EC1R 1XP,Clerkenwell
EC1R 1XW,Clerkenwell
EC1R 1YA,Clerkenwell
EC1R 1YB,Finsbury
EC1R 1YE,Finsbury
EC1R 4TW,Clerkenwell
EC1R 4UL,Clerkenwell
EC1V 0AA,Islington
EC1V 0BH,Clerkenwell
EC1V 0DB,Clerkenwell
EC1V 0DP,Clerkenwell
EC1V 0ED,Clerkenwell
EC1V 1AA,Shoreditch
EC1V 1AE,Shoreditch
EC1V 1AF,Shoreditch
EC1V 1AG,Shoreditch
EC1V 1AJ,Shoreditch
EC1V 1AL,Shoreditch
EC1V 1AR,Shoreditch
EC1V 1AZ,Shoreditch
EC1V 1LA,Clerkenwell
EC1V 2NR,Clerkenwell
EC1V 2PY,Clerkenwell
EC1V 2QQ,Islington
EC1V 3AL,Clerkenwell
EC1V 3AN,Islington
EC1V 3AP,Clerkenwell
EC1V 3PA,Clerkenwell
EC1V 3RF,Clerkenwell
EC1V 4JU,Clerkenwell
EC1V 4JY,Clerkenwell
EC1V 4LD,Clerkenwell
EC1V 4ND,Clerkenwell
EC1V 7AH,Islington
EC1V 7PA,Clerkenwell
EC1V 8BG,Clerkenwell
EC1Y 0TY,Clerkenwell
EC1Y 1AH,Clerkenwell
EC2A 2AH,Shoreditch
EC2A 3EP,Shoreditch
EC2A 3HH,Shoreditch
EC2A 4LE,Shoreditch
EC2V 8EY,City Of London
EC2Y 9BA,City Of London
EC3R 6EA,City Of London
EC4V 3PA,City Of London
N1 0BH,Islington
N1 0EN,Islington
N1 0ET,Islington
N1 0EU,Islington
N1 0EY,Islington
N1 0HW,Islington
N1 0HX,Islington
N1 0JA,Islington
N1 0JF,Barnsbury
N1 0NG,Islington
N1 0PY,Islington
N1 0QY,Barnsbury
N1 0RD,Islington
N1 0RE,Islington
N1 1BG,Islington
N1 1BJ,Islington
N1 1BZ,Islington
N1 1EA,Islington
N1 1ET,Islington
N1 1EW,Islington
N1 1HQ,Islington
N1 1HR,Islington
N1 1HT,Islington
N1 1JD,Islington
N1 1JG,Islington
N1 1JL,Barnsbury
N1 1JT,Islington
N1 1LA,Islington
N1 1LR,Barnsbury
N1 1NS,Barnsbury
N1 1PF,Barnsbury
N1 1PT,Islington
N1 1QT,Islington
N1 1TQ,Islington
N1 1UR,Islington
N1 2AP,Islington
N1 2AU,Islington
N1 2BA,Islington
N1 2BH,Islington
N1 2DH,Islington
N1 2EA,Islington
N1 2EN,Canonbury
N1 2FT,Islington
N1 2HJ,Islington
N1 2HN,Canonbury
N1 2HW,Islington
N1 2JG,Canonbury
N1 2JU,Islington
N1 2JX,Islington
N1 2LA,Islington
N1 2LD,Islington
N1 2LZ,Islington
N1 2NT,Islington
N1 2NX,Islington
N1 2PG,Islington
N1 2PQ,Canonbury
N1 2TZ,Islington
N1 2XA,Islington
N1 3BD,Islington
N1 3EJ,Canonbury
N1 3EU,Canonbury
N1 3FL,Islington
N1 3GG,Islington
N1 3HX,Islington
N1 3JR,Islington
N1 3JZ,Islington
N1 3LL,Islington
N1 3NU,Islington
N1 3NW,Islington
N1 4BD,Islington
N1 4BW,Islington
N1 4EP,Islington
N1 4HR,Islington
N1 4HY,Islington
N1 4JA,Islington
N1 4LA,Islington
N1 4LB,Islington
N1 4SD,Islington
N1 4SN,Islington
N1 4ST,Islington
N1 5BJ,Islington
N1 5EA,Islington
N1 5EB,Islington
N1 5EN,Islington
N1 5ET,Islington
N1 5JQ,Islington
N1 5PH,Islington
N1 5QJ,Islington
N1 5QL,Islington
N1 5SH,Islington
N1 6EJ,Islington
N1 6JB,Islington
N1 6ND,Islington
N1 7AH,Islington
N1 7AL,Islington
N1 7BL,Islington
N1 7EA,Islington
N1 7EG,Islington
N1 7FF,Islington
N1 7FP,Islington
N1 7LB,Islington
N1 7LG,Islington
N1 7NB,Islington
N1 7SJ,Islington
N1 7SL,Islington
N1 8AG,Islington
N1 8BA,Islington
N1 8BX,Islington
N1 8DH,Islington
N1 8HA,Islington
N1 8HD,Islington
N1 8NL,Islington
N1 8QF,Islington
N1 8RA,Islington
N1 9LS,Islington
N16 0BA,Stoke Newington
N16 8EP,Stoke Newington
N16 8QY,Stoke Newington
N16 9BT,Stoke Newington
N16 9LL,Stoke Newington
N16 9PH,Stoke Newington
N2 0BA,East Finchley
N2 0HX,East Finchley
N2 9BJ,East Finchley
N4 2BS,Finsbury Park
N4 2DH,Finsbury Park
N4 2LE,Finsbury Park
N4 2NY,Finsbury Park
N4 3FQ,Finsbury Park
N4 3FS,Finsbury Park
N4 4QA,Finsbury Park
N5 1AU,Highbury
N5 1DH,Highbury
N5 1EH,Highbury
N5 1EU,Highbury
N5 1FH,Highbury
N5 1FN,Highbury
N5 1HH,Highbury
N5 1LN,Highbury
N5 1QA,Highbury
N5 1QP,Highbury
N5 1QZ,Highbury
N5 1RX,Highbury
N5 1UZ,Highbury
N5 1XB,Highbury
N5 1XP,Highbury
N5 2BD,Highbury
N5 2DJ,Highbury
N5 2ET,Highbury
N5 2JA,Highbury
N5 2NP,Highbury
N5 2NR,Highbury
N5 2XA,Highbury
N5 2XB,Highbury
N6 4AA,Highgate
N6 4JS,Highgate
N6 4LH,Highgate
N6 4LP,Highgate
N6 4LR,Highgate
N6 4LU,Highgate
N6 4RT,Highgate
N6 4SH,Highgate
N6 5AD,Highgate
N6 5HJ,Highgate
N6 5HQ,Highgate
N6 5JG,Highgate
N6 5LJ,Highgate
N6 5NY,Highgate
N6 5QG,Highgate
N6 5UB,Highgate
N6 6ES,Highgate
N6 6HN,Highgate
N7 0JN,Holloway
N7 6PE,Holloway
N7 6QJ,Holloway
N7 7EE,Holloway
N7 7EZ,Holloway
N7 7FF,Holloway
N7 8BU,Holloway
N7 8BW,Holloway
N7 8EF,Holloway
N7 8GP,Holloway
N7 8HE,Holloway
N7 8LE,Holloway
N7 8LS,Holloway
N7 8PG,Holloway
N7 8PL,Holloway
N7 8PN,Holloway
N7 8PR,Holloway
N7 9RG,Holloway
N8 8TA,Haringey
N8 9BU,Haringey
N8 9JJ,Haringey
NW1 0LB,Camden
NW1 1NJ,Camden
NW1 4AE,Camden
NW1 4EB,Camden
NW1 4HG,Camden
NW1 4HJ,Camden
NW1 4HP,Camden
NW1 4HR,Camden
NW1 4JE,Camden
NW1 4JG,Camden
NW1 4LH,Camden
NW1 4ND,Camden
NW1 4RP,Camden
NW1 4SN,Camden
NW1 5NP,Camden
NW1 6HD,Camden
NW1 6HE,Camden
NW1 6LW,Camden
NW1 6SL,Camden
NW1 7BQ,Camden
NW1 7ET,Camden
NW1 7HB,Camden
NW1 7HY,Camden
NW1 7PZ,Camden
NW1 7RE,Camden
NW1 7SU,Camden
NW1 7SX,Camden
NW1 7SY,Camden
NW1 7TL,Camden
NW1 7TX,Camden
NW1 8AY,Camden
NW1 8HX,Camden
NW1 8JA,Camden
NW1 8JD,Camden
NW1 8LJ,Camden
NW1 8TN,Camden
NW1 8TU,Camden
NW1 8XH,Camden
NW1 8XN,Camden
NW1 8YA,Camden
NW1 8YH,Camden
NW1 8YN,Camden
NW1 9DJ,Camden
NW1 9RE,Camden
NW1 9RJ,Camden
NW1 9RN,Camden
NW10 7HG,Willesden 
NW11,Hampstead
NW11 6TG,Hampstead
NW11 6TL,Hampstead
NW11 7HP,Hampstead
NW11 7JH,Hampstead
NW11 7LD,Hampstead
NW11 7SB,Hampstead
NW11 7SY,Hampstead
NW2 2AP,Barnet
NW2 2BX,Barnet
NW2 2HJ,Barnet
NW2 2QA,Barnet
NW2 4HJ,Barnet
NW2 6UH,Barnet
NW3 1BN,Hampstead
NW3 1BP,Hampstead
NW3 1BS,Hampstead
NW3 1DD,Hampstead
NW3 1HE,Hampstead
NW3 1LD,Hampstead
NW3 1LH,Hampstead
NW3 1NT,Hampstead
NW3 1QH,Hampstead
NW3 1TU,Hampstead
NW3 2BD,Hampstead
NW3 2NL,Hampstead
NW3 2PL,Hampstead
NW3 2PS,Hampstead
NW3 2RL,Hampstead
NW3 2RU,Hampstead
NW3 2SS,Hampstead
NW3 2TD,Hampstead
NW3 2UA,Hampstead
NW3 2UP,Hampstead
NW3 3AG,Hampstead
NW3 3AJ,Hampstead
NW3 3AR,Hampstead
NW3 3AX,Hampstead
NW3 3AY,Hampstead
NW3 3BN,Hampstead
NW3 3DN,Hampstead
NW3 3DR,Hampstead
NW3 3DS,Hampstead
NW3 3EA,Hampstead
NW3 3EJ,Hampstead
NW3 3HL,Hampstead
NW3 3JZ,Hampstead
NW3 3NE,Hampstead
NW3 3QP,Hampstead
NW3 3QR,Hampstead
NW3 3RP,Hampstead
NW3 4BL,Hampstead
NW3 4DJ,Hampstead
NW3 4HL,Hampstead
NW3 4LD,Hampstead
NW3 4LJ,Hampstead
NW3 4PH,Hampstead
NW3 4UH,Hampstead
NW3 4UR,Hampstead
NW3 5BH,Hampstead
NW3 5BX,Hampstead
NW3 5DB,Hampstead
NW3 5DP,Hampstead
NW3 5DX,Hampstead
NW3 5JY,Hampstead
NW3 5PT,Hampstead
NW3 6AL,Hampstead
NW3 6DN,Hampstead
NW3 6NE,Hampstead
NW3 6PX,Hampstead
NW3 6PZ,Hampstead
NW3 6XS,Hampstead
NW3 7AA,Hampstead
NW3 7AT,Hampstead
NW3 7DU,Hampstead
NW3 7HU,Hampstead
NW3 7LW,Hampstead
NW3 7RG,Hampstead
NW3 7RR,Hampstead
NW3 7SB,Hampstead
NW3 7SF,Hampstead
NW3 7SG,Hampstead
NW3 7ST,Hampstead
NW3 7TW,Hampstead
NW3 7UH,Hampstead
NW5 1AJ,Kentish Town
NW5 1RT,Kentish Town
NW5 1SN,Kentish Town
NW5 1SU,Kentish Town
NW5 1SX,Kentish Town
NW5 1TX,Kentish Town
NW5 2AJ,Kentish Town
NW5 2AR,Kentish Town
NW5 2AS,Kentish Town
NW5 2JY,Kentish Town
NW5 2LL,Kentish Town
NW5 3AN,Kentish Town
NW5 3LN,Kentish Town
NW5 4ER,Kentish Town
NW6 1HR,West Hampstead
NW6 1JY,West Hampstead
NW6 2DA,West Hampstead
NW6 3HR,West Hampstead
NW6 4BR,West Hampstead
NW6 4EQ,West Hampstead
NW6 4ES,West Hampstead
NW6 4NN,West Hampstead
NW6 4TH,West Hampstead
NW6 5AT,West Hampstead
NW6 5FS,West Hampstead
NW6 5FU,West Hampstead
NW6 5JA,West Hampstead
NW6 5LD,West Hampstead
NW6 6BF,West Hampstead
NW6 6TD,West Hampstead
NW6 7XP,West Hampstead
NW7 1NY,Edgware
NW8 0EL,Westminster
NW8 0EN,Westminster
NW8 0JT,Westminster
NW8 0JY,Westminster
NW8 0LT,Westminster
NW8 0LY,Westminster
NW8 0PL,Westminster
NW8 0QN,Westminster
NW8 0RA,Westminster
NW8 6AU,Westminster
NW8 6DA,Westminster
NW8 6EN,Westminster
NW8 6EZ,Westminster
NW8 6HE,Westminster
NW8 6JJ,Westminster
NW8 6JL,Westminster
NW8 6NJ,Westminster
NW8 6PH,Westminster
NW8 6PJ,Westminster
NW8 6RG,Westminster
NW8 7DG,Westminster
NW8 7DN,Westminster
NW8 7DP,Westminster
NW8 7DW,Westminster
NW8 7EA,Westminster
NW8 7ED,Westminster
NW8 7EH,Westminster
NW8 7EJ,Westminster
NW8 7HL,Westminster
NW8 7LA,Westminster
NW8 7LU,Westminster
NW8 7LX,Westminster
NW8 7NT,Westminster
NW8 7PX,Westminster
NW8 7RJ,Westminster
NW8 7RL,Westminster
NW8 8EP,Westminster
NW8 8HB,Westminster
NW8 8HZ,Westminster
NW8 8RE,Westminster
NW8 9AB,Westminster
NW8 9AD,Westminster
NW8 9AQ,Westminster
NW8 9DY,Westminster
NW8 9EL,Westminster
NW8 9GS,Westminster
NW8 9HP,Westminster
NW8 9JE,Westminster
NW8 9JT,Westminster
NW8 9LD,Westminster
NW8 9LY,Westminster
NW8 9NS,Westminster
NW8 9QR,Westminster
NW8 9RE,Westminster
NW8 9UG,Westminster
NW8 9UJ,Westminster
SE1 2AW,South Bank
SE1 2BB,South Bank
SE1 2LY,South Bank
SE1 2LZ,South Bank
SE1 2NP,South Bank
SE1 2SA,South Bank
SE1 2SF,South Bank
SE1 2YS,South Bank
SE1 4GP,South Bank
SE1 7NJ,South Bank
SE1 7TY,South Bank
SE1 7XL,South Bank
SE1 7XQ,South Bank
SE1 9DS,South Bank
SE1 9EY,South Bank
SE1 9FU,South Bank
SE1 9GD,South Bank
SE10 0BZ,Greenwich
SE10 0GS,Greenwich
SE10 0GY,Greenwich
SE10 0NN,Greenwich
SE10 0NQ,Greenwich
SE10 0NW,Greenwich
SE10 0QL,Greenwich
SE10 0RU,Greenwich
SE10 0XL,Greenwich
SE10 8AX,Greenwich
SE10 8GD,Greenwich
SE10 9FJ,Greenwich
SE11 5AH,Lambeth
SE13 7RW,Lewisham
SE15 4RE,Peckham
SE16 3EX,Southwark
SE16 4JL,Southwark
SE16 5UA,Southwark
SE16 6YG,Southwark
SE16 7EP,Southwark
SE16 7FS,Southwark
SE17 1FQ,Walworth
SE17 1GG,Walworth
SE17 2JX,Walworth
SE17 3BD,Walworth
SE17 3BZ,Walworth
SE18 3JB,Woolwich
SE18 6EY,Woolwich
SE18 6GY,Woolwich
SE21 8AA,Dulwich
SE3 7PQ,Blackheath
SE3 7RH,Blackheath
SE7 8PP,Kidbrooke
SW10,Chelsea
SW10 0AG,Chelsea
SW10 0AN,Chelsea
SW10 0DD,Chelsea
SW10 0HU,Chelsea
SW10 0HX,Chelsea
SW10 0JB,Chelsea
SW10 0JG,Chelsea
SW10 0JW,Chelsea
SW10 0QH,Chelsea
SW10 0QR,Chelsea
SW10 0RG,Chelsea
SW10 0RP,Chelsea
SW10 0TD,Chelsea
SW10 0TL,Chelsea
SW10 0TX,Chelsea
SW10 0UQ,Chelsea
SW10 0UU,Chelsea
SW10 0UY,Chelsea
SW10 0XA,Chelsea
SW10 0XB,Chelsea
SW10 9BJ,Chelsea
SW10 9BS,Chelsea
SW10 9DA,Chelsea
SW10 9DZ,Chelsea
SW10 9EW,Chelsea
SW10 9HA,Chelsea
SW10 9HR,Chelsea
SW10 9JJ,Chelsea
SW10 9JP,Chelsea
SW10 9JY,Chelsea
SW10 9NN,Chelsea
SW10 9QW,Chelsea
SW10 9QY,Chelsea
SW10 9RH,Chelsea
SW10 9RX,Chelsea
SW10 9RY,Chelsea
SW10 9TU,Chelsea
SW10 9UG,Chelsea
SW10 9UZ,Chelsea
SW11 1AN,Battersea
SW11 1BL,Battersea
SW11 1BP,Battersea
SW11 1BQ,Battersea
SW11 1BW,Battersea
SW11 1DB,Battersea
SW11 1DJ,Battersea
SW11 1DN,Battersea
SW11 1DS,Battersea
SW11 1EA,Battersea
SW11 1EB,Battersea
SW11 1ES,Battersea
SW11 1HD,Battersea
SW11 1HL,Battersea
SW11 1JL,Battersea
SW11 1PG,Battersea
SW11 1QB,Battersea
SW11 1QU,Battersea
SW11 1RD,Battersea
SW11 1RQ,Battersea
SW11 1TH,Battersea
SW11 1XG,Battersea
SW11 1XQ,Battersea
SW11 2AJ,Battersea
SW11 2BQ,Battersea
SW11 2DS,Battersea
SW11 2DT,Battersea
SW11 2JA,Battersea
SW11 2JB,Battersea
SW11 2JR,Battersea
SW11 2NU,Battersea
SW11 2PN,Battersea
SW11 2PZ,Battersea
SW11 2QD,Battersea
SW11 2RB,Battersea
SW11 2RE,Battersea
SW11 2UE,Battersea
SW11 3AD,Battersea
SW11 3AU,Battersea
SW11 3DN,Battersea
SW11 3DP,Battersea
SW11 3DR,Battersea
SW11 3DS,Battersea
SW11 3GN,Battersea
SW11 3GZ,Battersea
SW11 3HN,Battersea
SW11 3HX,Battersea
SW11 3LD,Battersea
SW11 3LX,Battersea
SW11 3LY,Battersea
SW11 3NA,Battersea
SW11 3ND,Battersea
SW11 3NX,Battersea
SW11 3NZ,Battersea
SW11 3PW,Battersea
SW11 3RA,Battersea
SW11 3RD,Battersea
SW11 3RJ,Battersea
SW11 3RS,Battersea
SW11 3RY,Battersea
SW11 3YL,Battersea
SW11 3YW,Battersea
SW11 4BG,Battersea
SW11 4BN,Battersea
SW11 4BT,Battersea
SW11 4BW,Battersea
SW11 4DB,Battersea
SW11 4DF,Battersea
SW11 4DL,Battersea
SW11 4DN,Battersea
SW11 4DU,Battersea
SW11 4DZ,Battersea
SW11 4EE,Battersea
SW11 4EN,Battersea
SW11 4ET,Battersea
SW11 4EU,Battersea
SW11 4EW,Battersea
SW11 4EY,Battersea
SW11 4EZ,Battersea
SW11 4FA,Battersea
SW11 4FR,Battersea
SW11 4GA,Battersea
SW11 4HA,Battersea
SW11 4HQ,Battersea
SW11 4HW,Battersea
SW11 4JA,Battersea
SW11 4JW,Battersea
SW11 4LZ,Battersea
SW11 4NB,Battersea
SW11 4ND,Battersea
SW11 4NP,Battersea
SW11 4NX,Battersea
SW11 4NZ,Battersea
SW11 4PD,Battersea
SW11 4PE,Battersea
SW11 4PG,Battersea
SW11 4PQ,Battersea
SW11 4PR,Battersea
SW11 4PT,Battersea
SW11 4PU,Battersea
SW11 4PX,Battersea
SW11 4PY,Battersea
SW11 4QX,Battersea
SW11 4RF,Battersea
SW11 4RR,Battersea
SW11 4RT,Battersea
SW11 4RY,Battersea
SW11 4SS,Battersea
SW11 4XW,Battersea
SW11 5AB,Battersea
SW11 5AJ,Battersea
SW11 5BH,Battersea
SW11 5BL,Battersea
SW11 5BX,Battersea
SW11 5ED,Battersea
SW11 5EJ,Battersea
SW11 5ET,Battersea
SW11 5GX,Battersea
SW11 5LH,Battersea
SW11 5NR,Battersea
SW11 5PA,Battersea
SW11 5PE,Battersea
SW11 5QE,Battersea
SW11 5RW,Battersea
SW11 5RY,Battersea
SW11 5RZ,Battersea
SW11 5SQ,Battersea
SW11 5SU,Battersea
SW11 5SW,Battersea
SW11 5UP,Battersea
SW11 5XP,Battersea
SW11 5XR,Battersea
SW11 6AB,Battersea
SW11 6AE,Battersea
SW11 6AF,Battersea
SW11 6AG,Battersea
SW11 6AQ,Battersea
SW11 6AX,Battersea
SW11 6BG,Battersea
SW11 6DF,Battersea
SW11 6DR,Battersea
SW11 6EQ,Battersea
SW11 6ES,Battersea
SW11 6HB,Battersea
SW11 6JE,Battersea
SW11 6JF,Battersea
SW11 6JP,Battersea
SW11 6JT,Battersea
SW11 6JW,Battersea
SW11 6JX,Battersea
SW11 6JZ,Battersea
SW11 6LL,Battersea
SW11 6LN,Battersea
SW11 6LR,Battersea
SW11 6LX,Battersea
SW11 6NE,Battersea
SW11 6NT,Battersea
SW11 6NW,Battersea
SW11 6PY,Battersea
SW11 6PZ,Battersea
SW11 6QB,Battersea
SW11 6QT,Battersea
SW11 6RY,Battersea
SW11 6SA,Battersea
SW11 6SE,Battersea
SW11 8EU,Battersea
SW11 8NG,Battersea
SW11 8NT,Battersea
SW11 8QN,Battersea
SW12 0BH,Balham
SW12 0DL,Balham
SW12 0HD,Balham
SW12 0HF,Balham
SW12 0HR,Balham
SW12 0PQ,Balham
SW12 8AB,Balham
SW12 8AF,Balham
SW12 8AH,Balham
SW12 8AZ,Balham
SW12 8BE,Balham
SW12 8BG,Balham
SW12 8BN,Balham
SW12 8BQ,Balham
SW12 8BW,Balham
SW12 8BY,Balham
SW12 8DF,Balham
SW12 8DG,Balham
SW12 8DH,Balham
SW12 8DQ,Balham
SW12 8DZ,Balham
SW12 8EE,Balham
SW12 8HF,Balham
SW12 8HG,Balham
SW12 8HL,Balham
SW12 8JE,Balham
SW12 8JG,Balham
SW12 8JJ,Balham
SW12 8JL,Balham
SW12 8LE,Balham
SW12 8LF,Balham
SW12 8LG,Balham
SW12 8LH,Balham
SW12 8LJ,Balham
SW12 8LL,Balham
SW12 8LN,Balham
SW12 8LQ,Balham
SW12 8LR,Balham
SW12 8LW,Balham
SW12 8NH,Balham
SW12 8QJ,Balham
SW12 8RJ,Balham
SW12 8RR,Balham
SW12 8RT,Balham
SW12 8RZ,Balham
SW12 8SF,Balham
SW12 8SN,Balham
SW12 8TY,Balham
SW12 8UH,Balham
SW12 8UJ,Balham
SW12 9EA,Balham
SW12 9NL,Balham
SW12 9NN,Balham
SW12 9NZ,Balham
SW12 9PA,Balham
SW12 9PN,Balham
SW12 9PY,Balham
SW12 9QG,Balham
SW12 9QQ,Balham
SW12 9RY,Balham
SW13 0AA,Barnes
SW13 0AH,Barnes
SW13 0AJ,Barnes
SW13 0AQ,Barnes
SW13 0AR,Barnes
SW13 0AT,Barnes
SW13 0BL,Barnes
SW13 0BX,Barnes
SW13 0DB,Barnes
SW13 0DR,Barnes
SW13 0DS,Barnes
SW13 0DT,Barnes
SW13 0DU,Barnes
SW13 0DX,Barnes
SW13 0DY,Barnes
SW13 0EH,Barnes
SW13 0ES,Barnes
SW13 0EX,Barnes
SW13 0HA,Barnes
SW13 0HP,Barnes
SW13 0JE,Barnes
SW13 0JF,Barnes
SW13 0LF,Barnes
SW13 0LT,Barnes
SW13 0NL,Barnes
SW13 0NS,Barnes
SW13 0NT,Barnes
SW13 0NZ,Barnes
SW13 0PG,Barnes
SW13 0PJ,Barnes
SW13 0PT,Barnes
SW13 0PU,Barnes
SW13 0PZ,Barnes
SW13 8AH,Barnes
SW13 8DS,Barnes
SW13 8DU,Barnes
SW13 8DY,Barnes
SW13 8EA,Barnes
SW13 8HL,Barnes
SW13 8HS,Barnes
SW13 8RB,Barnes
SW13 9AB,Barnes
SW13 9AF,Barnes
SW13 9AG,Barnes
SW13 9DA,Barnes
SW13 9DH, Barnes
SW13 9ED,Barnes
SW13 9EL,Barnes
SW13 9ER,Barnes
SW13 9ET,Barnes
SW13 9EU,Barnes
SW13 9EW,Barnes
SW13 9EX,Barnes
SW13 9EY,Barnes
SW13 9HP,Barnes
SW13 9JF,Barnes
SW13 9JG,Barnes
SW13 9JS,Barnes
SW13 9NP,Barnes
SW13 9NX,Barnes
SW13 9PD,Barnes
SW13 9PH,Barnes
SW13 9PR,Barnes
SW13 9PY,Barnes
SW13 9RE,Barnes
SW13 9RF,Barnes
SW13 9RG,Barnes
SW13 9RH,Barnes
SW13 9RJ,Barnes
SW13 9RR,Barnes
SW14 7AB,East Sheen
SW14 7AH,Mortlake
SW14 7AN,East Sheen
SW14 7AP,East Sheen
SW14 7AT,East Sheen
SW14 7BJ,East Sheen
SW14 7DF,East Sheen
SW14 7LG,East Sheen
SW14 7LQ,East Sheen
SW14 7NB,East Sheen
SW14 7PD,East Sheen
SW14 7PZ,East Sheen
SW14 7RJ,Mortlake
SW14 7RP,Mortlake
SW14 7RS,East Sheen
SW14 7RW,Mortlake
SW14 8AJ,Mortlake
SW14 8AU,East Sheen
SW14 8BJ,East Sheen
SW14 8BT,Mortlake
SW14 8BX,East Sheen
SW14 8DB,East Sheen
SW14 8DS,East Sheen
SW14 8DY,Mortlake
SW14 8HE,Mortlake
SW14 8HL,Mortlake
SW14 8JH,Mortlake
SW14 8JJ,Mortlake
SW14 8JP,Mortlake
SW14 8JQ,East Sheen
SW14 8JU,East Sheen
SW14 8LH,East Sheen
SW14 8NJ,East Sheen
SW14 8NX,East Sheen
SW14 8PF,East Sheen
SW14 8RF,Mortlake
SW14 8RL,East Sheen
SW14 8RU,Mortlake
SW14 8RW,Mortlake
SW14 8RX,Mortlake
SW14 8SY,East Sheen
SW15 1BB,Putney
SW15 1DR,Putney
SW15 1DS,Putney
SW15 1EE,Putney
SW15 1HA,Putney
SW15 1JR,Putney
SW15 1LA,Putney
SW15 1LP,Putney
SW15 1LT,Putney
SW15 1NA,Putney
SW15 1PD,Putney
SW15 1PL,Putney
SW15 1PP,Putney
SW15 1PR,Putney
SW15 1PW,Putney
SW15 1QD,Putney
SW15 1QJ,Putney
SW15 1QL,Putney
SW15 1QQ,Putney
SW15 1QS,Putney
SW15 1RN,Putney
SW15 1SY,Putney
SW15 2BD,Putney
SW15 2BS,Putney
SW15 2DH,Putney
SW15 2DN,Putney
SW15 2DS,Putney
SW15 2DU,Putney
SW15 2DZ,Putney
SW15 2EX,Putney
SW15 2FJ,Putney
SW15 2FU,Putney
SW15 2JJ,Putney
SW15 2LF,Putney
SW15 2LJ,Putney
SW15 2LL,Putney
SW15 2LS,Putney
SW15 2NJ,Putney
SW15 2QA,Putney
SW15 2QS,Putney
SW15 2QU,Putney
SW15 2RL,Putney
SW15 2RN,Putney
SW15 2RR,Putney
SW15 2RT,Putney
SW15 2TX,Putney
SW15 2UF,Putney
SW15 2UG,Putney
SW15 3HF,Putney
SW15 3HJ,Putney
SW15 3JG,Putney
SW15 3JX,Putney
SW15 3LP,Putney
SW15 3NY,Putney
SW15 3PG,Putney
SW15 3RN,Putney
SW15 3TJ,Putney
SW15 3TN,Putney
SW15 4HH,Putney
SW15 4HW,Putney
SW15 5BU,Putney
SW15 5ER,Putney
SW15 5HJ,Putney
SW15 5JS,Putney
SW15 5LX,Putney
SW15 5QT,Putney
SW15 5QU,Putney
SW15 6AR,Putney
SW15 6ED,Putney
SW15 6ES,Putney
SW15 6FF,Putney
SW15 6JR,Putney
SW15 6LD,Putney
SW15 6LL,Putney
SW15 6LN,Putney
SW15 6NE,Putney
SW15 6NH,Putney
SW15 6NN,Putney
SW15 6NZ,Putney
SW15 6QG,Putney
SW15 6QQ,Putney
SW15 6RJ,Putney
SW15 6RQ,Putney
SW15 6TR,Putney
SW15 6UU,Putney
SW16 1AF,Streatham
SW16 1LF,Streatham
SW16 1QF,Streatham
SW16 1QW,Streatham
SW16 1RB,Streatham
SW16 1RD,Streatham
SW16 1UQ,Streatham
SW16 2AE,Streatham
SW16 2AQ,Streatham
SW16 2BY,Streatham
SW16 2BZ,Streatham
SW16 2EU,Streatham
SW16 2JU,Norbury
SW16 2UW,Streatham
SW16 3HA,Streatham
SW16 5HR,Norbury
SW16 5PE,Streatham
SW17  8SF,Tooting
SW17 0AA,Tooting
SW17 0EE,Tooting
SW17 0EG,Tooting
SW17 0EP,Tooting
SW17 0EQ,Tooting
SW17 0GU,Tooting
SW17 0TR,Tooting
SW17 7AP,Tooting
SW17 7AQ,Tooting
SW17 7DH,Tooting
SW17 7DL,Tooting
SW17 7DN,Tooting
SW17 7DX,Tooting
SW17 7EB,Tooting
SW17 7ED,Tooting
SW17 7HG,Tooting
SW17 7HH,Tooting
SW17 7JA,Tooting
SW17 7NE,Tooting
SW17 7PL,Tooting
SW17 7PT,Tooting
SW17 7PX,Tooting
SW17 7QN,Tooting
SW17 7QP,Tooting
SW17 7QW,Tooting
SW17 7RG,Tooting
SW17 7RR,Tooting
SW17 7RT,Tooting
SW17 8AY,Tooting
SW17 8BW,Tooting
SW17 8DJ,Tooting
SW17 8DN,Tooting
SW17 8EN,Tooting
SW17 8EP,Tooting
SW17 8ER,Tooting
SW17 8EW,Tooting
SW17 8JL,Tooting
SW17 8LW,Tooting
SW17 8QY,Tooting
SW17 8QZ,Tooting
SW17 8RA,Tooting
SW17 8RD,Tooting
SW17 8RL,Tooting
SW17 8RN,Tooting
SW17 8RR,Tooting
SW17 8RU,Tooting
SW17 8SF,Tooting
SW17 8UB,Tooting
SW17 9NE,Tooting
SW18 1AB,Wandsworth
SW18 1AD,Wandsworth
SW18 1AH,Wandsworth
SW18 1AL,Wandsworth
SW18 1AR,Wandsworth
SW18 1AS,Wandsworth
SW18 1AW,Wandsworth
SW18 1AX,Wandsworth
SW18 1AY,Wandsworth
SW18 1BG,Wandsworth
SW18 1BX,Wandsworth
SW18 1DB,Wandsworth
SW18 1FQ,Wandsworth
SW18 1FR,Wandsworth
SW18 1FT,Wandsworth
SW18 1FU,Wandsworth
SW18 1GJ,Wandsworth
SW18 1GN,Wandsworth
SW18 1GR,Wandsworth
SW18 1GS,Wandsworth
SW18 1HB,Wandsworth
SW18 1JE,Wandsworth
SW18 1LE,Wandsworth
SW18 1NU,Wandsworth
SW18 1PA,Wandsworth
SW18 1PP,Wandsworth
SW18 1PZ,Wandsworth
SW18 1QG,Wandsworth
SW18 1RB,Wandsworth
SW18 1RS,Wandsworth
SW18 1SF,Wandsworth
SW18 1SS,Wandsworth
SW18 1SZ,Wandsworth
SW18 1TA,Wandsworth
SW18 1TF,Wandsworth
SW18 1TH,Wandsworth
SW18 1TQ,Wandsworth
SW18 1TZ,Wandsworth
SW18 1UA,Wandsworth
SW18 1UE,Wandsworth
SW18 1UF,Wandsworth
SW18 2BQ,Wandsworth
SW18 2BS,Wandsworth
SW18 2DA,Wandsworth
SW18 2DB,Wandsworth
SW18 2DD,Wandsworth
SW18 2DG,Wandsworth
SW18 2DN,Wandsworth
SW18 2DP,Wandsworth
SW18 2DQ,Wandsworth
SW18 2DS,Wandsworth
SW18 2DT,Wandsworth
SW18 2DU,Wandsworth
SW18 2DX,Wandsworth
SW18 2DY,Wandsworth
SW18 2DZ,Wandsworth
SW18 2ED,Wandsworth
SW18 2EE,Wandsworth
SW18 2EJ,Wandsworth
SW18 2EL,Wandsworth
SW18 2EN,Wandsworth
SW18 2EQ,Wandsworth
SW18 2HG,Wandsworth
SW18 2HQ,Wandsworth
SW18 2HR,Wandsworth
SW18 2JB,Wandsworth
SW18 2LR,Wandsworth
SW18 2LT,Wandsworth
SW18 2ND,Wandsworth
SW18 2NN,Wandsworth
SW18 2NR,Wandsworth
SW18 2NS,Wandsworth
SW18 2NT,Wandsworth
SW18 2NW,Wandsworth
SW18 2NX,Wandsworth
SW18 2PG,Wandsworth
SW18 2PJ,Wandsworth
SW18 2PW,Wandsworth
SW18 2QE,Wandsworth
SW18 2QF,Wandsworth
SW18 2QG,Wandsworth
SW18 2QH,Wandsworth
SW18 2QL,Wandsworth
SW18 2QN,Wandsworth
SW18 2QP,Wandsworth
SW18 2QW,Wandsworth
SW18 2QZ,Wandsworth
SW18 2RE,Wandsworth
SW18 2RH,Wandsworth
SW18 2RL,Wandsworth
SW18 2RS,Wandsworth
SW18 2SL,Wandsworth
SW18 2SU,Wandsworth
SW18 3AG,Wandsworth
SW18 3AT,Wandsworth
SW18 3AX,Wandsworth
SW18 3AY,Wandsworth
SW18 3BA,Wandsworth
SW18 3BD,Wandsworth
SW18 3BG,Wandsworth
SW18 3BN,Wandsworth
SW18 3DA,Wandsworth
SW18 3DG,Wandsworth
SW18 3DN,Wandsworth
SW18 3DY,Wandsworth
SW18 3EP,Wandsworth
SW18 3JN,Wandsworth
SW18 3JY,Wandsworth
SW18 3NH,Wandsworth
SW18 3NY,Wandsworth
SW18 3QT,Wandsworth
SW18 3RG,Wandsworth
SW18 3RR,Wandsworth
SW18 3RT,Wandsworth
SW18 3SN,Wandsworth
SW18 3SX,Wandsworth
SW18 3TF,Wandsworth
SW18 4AG,Wandsworth
SW18 4EE,Wandsworth
SW18 4FR,Wandsworth
SW18 4GL,Wandsworth
SW18 4GN,Wandsworth
SW18 4GY,Wandsworth
SW18 4NU,Wandsworth
SW18 4SW,Wandsworth
SW18 5AG,Wandsworth
SW18 5HA,Wandsworth
SW18 5JF,Wandsworth
SW18 5NN,Wandsworth
SW18 5SJ,Wandsworth
SW19 1JR,Wimbledon
SW19 1NP,Wimbledon
SW19 2BY,Wimbledon
SW19 3HH,Wimbledon
SW19 3JU,Wimbledon
SW19 3ND,Wimbledon
SW19 4AG,Wimbledon
SW19 4AQ,Wimbledon
SW19 4BJ,Wimbledon
SW19 4EW,Wimbledon
SW19 4HF,Wimbledon
SW19 4HS,Wimbledon
SW19 4HU,Wimbledon
SW19 4JQ,Wimbledon
SW19 4LF,Wimbledon
SW19 4ND,Wimbledon
SW19 4NP,Wimbledon
SW19 4NY,Wimbledon
SW19 4PA,Wimbledon
SW19 4PU,Wimbledon
SW19 4QA,Wimbledon
SW19 4QF,Wimbledon
SW19 4QS,Wimbledon
SW19 4QY,Wimbledon
SW19 4RD,Wimbledon
SW19 4RP,Wimbledon
SW19 4RQ,Wimbledon
SW19 4RU,Wimbledon
SW19 4SG,Wimbledon
SW19 4SX,Wimbledon
SW19 4UF,Wimbledon
SW19 4UU,Wimbledon
SW19 5BL,Wimbledon
SW19 5ES,Wimbledon
SW19 5HL,Wimbledon
SW19 5HR,Wimbledon
SW19 5HU,Wimbledon
SW19 5JZ,Wimbledon
SW19 5NE,Wimbledon
SW19 5NL,Wimbledon
SW19 5QF,Wimbledon
SW19 5QH,Wimbledon
SW19 5QN,Wimbledon
SW19 5QR,Wimbledon
SW19 5QT,Wimbledon
SW19 6AY,Wimbledon
SW19 6AZ,Wimbledon
SW19 7BP,Wimbledon
SW19 7DN,Wimbledon
SW19 7DP,Wimbledon
SW19 7DW,Wimbledon
SW19 7EA,Wimbledon
SW19 7JG,Wimbledon
SW19 7JQ,Wimbledon
SW19 7LW,Wimbledon
SW19 7PD,Wimbledon
SW19 7PQ,Wimbledon
SW19 7QU,Wimbledon
SW19 8BD,Wimbledon
SW19 8LF,Wimbledon
SW19 8LU,Wimbledon
SW19 8LX,Wimbledon
SW19 8NY,Wimbledon
SW19 8NZ,Wimbledon
SW19 8PA,Wimbledon
SW19 8PN,Wimbledon
SW19 8PR,Wimbledon
SW19 8RB,Wimbledon
SW19 8RZ,Wimbledon
SW19 8SH,Wimbledon
SW19 8SZ,Wimbledon
SW19 8TA,Wimbledon
SW1A 1JT,St James's
SW1A 1LP,St James's
SW1A 1PH,St James's
SW1A 1RD,St James's
SW1A 2BD,St James's
SW1E 5BA,St James's
SW1E 5BJ,St James's
SW1E 6AL,St James's
SW1E 6AN,St James's
SW1E 6LB,St James's
SW1E 6PA,St James's
SW1E 6PB,St James's
SW1E 6PE,St James's
SW1H 0AA,Westminster
SW1H 0HX,Westminster
SW1H 0HY,Westminster
SW1H 9AA,Westminster
SW1H 9HE,Westminster
SW1P 1AB,Westminster
SW1P 1ET,Westminster
SW1P 1EZ,Victoria
SW1P 1HL,Victoria
SW1P 1HN,Victoria
SW1P 1LQ,Victoria
SW1P 1NH,Victoria
SW1P 1PD,Victoria
SW1P 1QN,Westminster
SW1P 2AR,Westminster
SW1P 2BN,Westminster
SW1P 2EE,Westminster
SW1P 2NP,Westminster
SW1P 2PQ,Westminster
SW1P 2QN,Westminster
SW1P 2TB,Westminster
SW1P 3AF,Westminster
SW1P 3DR,Westminster
SW1P 3DS,Westminster
SW1P 3LD,Westminster
SW1P 3QH,Westminster
SW1P 4BB,Westminster
SW1P 4EA,Westminster
SW1P 4FA,Westminster
SW1P 4HD,Westminster
SW1P 4LY,Westminster
SW1V 1JQ,Pimlico
SW1V 1NS,Pimlico
SW1V 1QR,Pimlico
SW1V 2BH,Pimlico
SW1V 2BQ,Pimlico
SW1V 2DB,Pimlico
SW1V 2HS,Pimlico
SW1V 2HX,Pimlico
SW1V 2LX,Pimlico
SW1V 2NS,Pimlico
SW1V 3AE,Pimlico
SW1V 3JY,Pimlico
SW1V 3QN,Pimlico
SW1V 3SE,Pimlico
SW1V 4DJ,Pimlico
SW1V 4LA,Pimlico
SW1V 4LZ,Pimlico
SW1V 4QE,Pimlico
SW1W 0JA,Belgravia
SW1W 0LN,Belgravia
SW1W 0NY,Belgravia
SW1W 0PA,Belgravia
SW1W 0PB,Belgravia
SW1W 0PR,Belgravia
SW1W 8DD,Belgravia
SW1W 8DP,Belgravia
SW1W 8DQ,Belgravia
SW1W 8DT,Belgravia
SW1W 8DU,Belgravia
SW1W 8EZ,Belgravia
SW1W 8HN,Belgravia
SW1W 8JE,Belgravia
SW1W 8JP,Belgravia
SW1W 8JR,Belgravia
SW1W 8NP,Belgravia
SW1W 8PG,Belgravia
SW1W 8QD,Belgravia
SW1W 8QL,Belgravia
SW1W 8QN,Belgravia
SW1W 8QP,Belgravia
SW1W 8TW,Belgravia
SW1W 8UP,Belgravia
SW1W 9AH,Belgravia
SW1W 9AP,Belgravia
SW1W 9BD,Belgravia
SW1W 9BG,Belgravia
SW1W 9DA,Belgravia
SW1W 9DF,Belgravia
SW1W 9DH,Belgravia
SW1W 9PB,Belgravia
SW1W 9PE,Belgravia
SW1W 9TB,Belgravia
SW1X 0AD,Knightsbridge
SW1X 0AX,Knightsbridge
SW1X 0EQ,Knightsbridge
SW1X 0HB,Chelsea
SW1X 0HU,Knightsbridge
SW1X 0HY,Knightsbridge
SW1X 0JL,Knightsbridge
SW1X 0JW,Knightsbridge
SW1X 0LJ,Knightsbridge
SW1X 7BA,Belgravia
SW1X 7BB,Knightsbridge
SW1X 7LJ,Knightsbridge
SW1X 7PE,Knightsbridge
SW1X 7QS,Knightsbridge
SW1X 8AD,Belgravia
SW1X 8AL,Knightsbridge
SW1X 8BD,Knightsbridge
SW1X 8DE,Belgravia
SW1X 8EA,Knightsbridge
SW1X 8HN,Knightsbridge
SW1X 8LY,Belgravia
SW1X 8NG,Belgravia
SW1X 8RH,Knightsbridge
SW1X 8RL,Knightsbridge
SW1X 8RN,Belgravia
SW1X 8RS,Knightsbridge
SW1X 9DP,Knightsbridge
SW1X 9DU,Knightsbridge
SW1X 9DX,Knightsbridge
SW1X 9HA,Knightsbridge
SW1X 9HB,Knightsbridge
SW1X 9HD,Knightsbridge
SW1X 9JU,Belgravia
SW1X 9JX,Belgravia
SW1X 9RP,Belgravia
SW1X 9RU,Belgravia
SW1Y 5JH,St James's
SW1Y 6BL,St James's
SW1Y 6BU,St James's
SW1Y 6JT,St James's
SW2 4AY,Streatham
SW2 4GD,Brixton
SW2 4HD,Brixton
SW2 4HF,Brixton
SW2 4NX,Brixton
SW2 4ST,Streatham
SW2 4XF,Brixton
SW2 4XL,Brixton
SW2 4XQ,Brixton
SW20 0EG,Wimbledon
SW20 0ET,Wimbledon
SW20 0HJ,Wimbledon
SW20 0RY,Wimbledon
SW20 0RZ,Wimbledon
SW20 0SB,Wimbledon
SW20 8AG,Wimbledon
SW20 8HJ,Wimbledon
SW20 8JB,Wimbledon
SW20 8JG,Wimbledon
SW20 8NP,Wimbledon
SW20 8NU,Wimbledon
SW20 8PA,Wimbledon
SW20 8PD,Wimbledon
SW20 8RQ,Wimbledon
SW20 8TG,Wimbledon
SW20 8UA,Wimbledon
SW20 9DG,Wimbledon
SW3 1AP,Chelsea
SW3 1AW,Chelsea
SW3 1BA,Chelsea
SW3 1BW,Chelsea
SW3 1LJ,Chelsea
SW3 1LS,Chelsea
SW3 1PS,Chelsea
SW3 1RE,Chelsea
SW3 1RW,Chelsea
SW3 2AD,Chelsea
SW3 2AE,Chelsea
SW3 2AH,Chelsea
SW3 2ED,Chelsea
SW3 2EF,Chelsea
SW3 2JA,Chelsea
SW3 2LD,Chelsea
SW3 2LE,Chelsea
SW3 2LQ,Chelsea
SW3 2NH,Chelsea
SW3 2RB,Chelsea
SW3 2RE,Chelsea
SW3 2RJ,Chelsea
SW3 2SB,Chelsea
SW3 2TH,Chelsea
SW3 3AA,Chelsea
SW3 3BX,Chelsea
SW3 3HE,Chelsea
SW3 3LD,Chelsea
SW3 3NP,Chelsea
SW3 4AR,Chelsea
SW3 4BL,Chelsea
SW3 4BN,Chelsea
SW3 4BP,Chelsea
SW3 4DL,Chelsea
SW3 4DU,Chelsea
SW3 4DY,Chelsea
SW3 4NW,Chelsea
SW3 4TQ,Chelsea
SW3 5AP,Chelsea
SW3 5BZ,Chelsea
SW3 5DQ,Chelsea
SW3 5HA,Chelsea
SW3 5JB,Chelsea
SW3 5LX,Chelsea
SW3 5NT,Chelsea
SW3 5PN,Chelsea
SW3 5QP,Chelsea
SW3 6AE,Chelsea
SW3 6BJ,Chelsea
SW3 6DB,Chelsea
SW3 6DT,Chelsea
SW3 6DU,Chelsea
SW3 6EX,Chelsea
SW3 6JZ,Chelsea
SW3 6LH,Chelsea
SW3 6QJ,Chelsea
SW3 6RS,Chelsea
SW4 0AA,Clapham
SW4 0AB,Clapham
SW4 0AS,Clapham
SW4 0BG,Clapham
SW4 0DB,Clapham
SW4 0DN,Clapham
SW4 0DZ,Clapham
SW4 0HQ,Clapham
SW4 0LF,Clapham
SW4 0LP,Clapham
SW4 0NH,Clapham
SW4 0NP,Clapham
SW4 0PF,Clapham
SW4 0QD,Clapham
SW4 0QH,Clapham
SW4 0QU,Clapham
SW4 0QX,Clapham
SW4 6DR,Clapham
SW4 6HA,Clapham
SW4 6HB,Clapham
SW4 6HE,Clapham
SW4 6HR,Clapham
SW4 6HS,Clapham
SW4 6LB,Clapham
SW4 7BW,Clapham
SW4 7EB,Clapham
SW4 7EX,Clapham
SW4 7QH,Clapham
SW4 7TP,Clapham
SW4 7UZ,Clapham
SW4 8AG,Clapham
SW4 8QL,Clapham
SW4 9AU,Clapham
SW4 9DX,Clapham
SW4 9ED,Clapham
SW4 9EE,Clapham
SW4 9EL,Clapham
SW4 9ER,Clapham
SW4 9HD,Clapham
SW4 9HG,Clapham
SW4 9HJ,Clapham
SW4 9HP,Clapham
SW4 9HQ,Clapham
SW4 9HU,Clapham
SW4 9JL,Clapham
SW4 9LT,Clapham
SW4 9RR,Clapham
SW4 9SB,Clapham
SW4 9SD,Clapham
SW4 9SE,Clapham
SW4 9SH,Clapham
SW5 0AQ,Earls Court
SW5 0AY,Earls Court
SW5 0DL,Earls Court
SW5 0ED,Earls Court
SW5 0EE,Earls Court
SW5 0ER,Earls Court
SW5 0HQ,Earls Court
SW5 0JE,Earls Court
SW5 0JP,Earls Court
SW5 0ND,Earls Court
SW5 0PD,Earls Court
SW5 0PH,Earls Court
SW5 0PT,Earls Court
SW5 0QF,Earls Court
SW5 0QH,Earls Court
SW5 0RQ,Earls Court
SW5 0SJ,Earls Court
SW5 9DG,Earls Court
SW5 9DN,Earls Court
SW5 9DQ,Earls Court
SW5 9DY,Earls Court
SW5 9EB,Earls Court
SW5 9EY,Earls Court
SW5 9HN,Earls Court
SW5 9HW,Earls Court
SW5 9JS,Earls Court
SW5 9JT,Earls Court
SW5 9NN,Earls Court
SW5 9TJ,Earls Court
SW6 1EY,Fulham
SW6 1FA,Fulham
SW6 1FU,Fulham
SW6 1JA,Fulham
SW6 1JJ,Fulham
SW6 1JP,Fulham
SW6 1QR,Fulham
SW6 1RB,Fulham
SW6 1UE,Fulham
SW6 2AL,Fulham
SW6 2BD,Fulham
SW6 2DR,Fulham
SW6 2ES,Fulham
SW6 2FJ,Fulham
SW6 2FQ,Fulham
SW6 2FS,Fulham
SW6 2FT,Fulham
SW6 2GZ,Fulham
SW6 2HH,Fulham
SW6 2HJ,Fulham
SW6 2JE,Fulham
SW6 2PT,Fulham
SW6 2RB,Fulham
SW6 2RQ,Fulham
SW6 2SD,Fulham
SW6 2SF,Fulham
SW6 2TB,Fulham
SW6 2TG,Fulham
SW6 2TR,Fulham
SW6 3AH,Fulham
SW6 3BB,Fulham
SW6 3DZ,Fulham
SW6 3LF,Fulham
SW6 3LY,Fulham
SW6 3PT,Fulham
SW6 3QJ,Fulham
SW6 3QR,Fulham
SW6 3RB,Fulham
SW6 3RT,Fulham
SW6 3SL,Fulham
SW6 3SN,Fulham
SW6 3SR,Fulham
SW6 3SS,Fulham
SW6 3ST,Fulham
SW6 3SU,Fulham
SW6 3SW,Fulham
SW6 3TQ,Fulham
SW6 3TR,Fulham
SW6 4AL,Fulham
SW6 4AQ,Fulham
SW6 4EA,Fulham
SW6 4JJ,Fulham
SW6 4JX,Fulham
SW6 4JZ,Fulham
SW6 4LA,Fulham
SW6 4PS,Fulham
SW6 4QX,Fulham
SW6 4QZ,Fulham
SW6 4RH,Fulham
SW6 4TT,Fulham
SW6 4UP,Fulham
SW6 5BQ,Fulham
SW6 5DP,Fulham
SW6 5EA,Fulham
SW6 5EF,Fulham
SW6 5JB,Fulham
SW6 5LN,Fulham
SW6 5LW,Fulham
SW6 5NA,Fulham
SW6 5PB,Fulham
SW6 5RF,Fulham
SW6 5SA,Fulham
SW6 5SP,Fulham
SW6 6EY,Fulham
SW6 6JP,Fulham
SW6 6NE,Fulham
SW6 6NX,Fulham
SW6 6QE,Fulham
SW6 6RA,Fulham
SW6 6RB,Fulham
SW6 6TA,Fulham
SW6 6TU,Fulham
SW6 7AB,Fulham
SW6 7AD,Fulham
SW6 7AS,Fulham
SW6 7BA,Fulham
SW6 7BB,Fulham
SW6 7BH,Fulham
SW6 7BL,Fulham
SW6 7BN,Fulham
SW6 7DB,Fulham
SW6 7EH,Fulham
SW6 7EJ,Fulham
SW6 7EU,Fulham
SW6 7TP,Fulham
SW6 7UE,Fulham
SW7 1BB,Knightsbridge
SW7 1BH,South Kensington
SW7 1BX,South Kensington
SW7 1DX,South Kensington
SW7 1DY,Knightsbridge
SW7 1EA,Knightsbridge
SW7 1HB,South Kensington
SW7 1JF,South Kensington
SW7 1NF,South Kensington
SW7 1NP,South Kensington
SW7 1PD,South Kensington
SW7 1PJ,South Kensington
SW7 1PL,South Kensington
SW7 1QJ,South Kensington
SW7 1RH,South Kensington
SW7 2BH,South Kensington
SW7 2BL,South Kensington
SW7 2NQ,South Kensington
SW7 2RU,South Kensington
SW7 2TB,South Kensington
SW7 3BD,South Kensington
SW7 3BT,South Kensington
SW7 3DD,South Kensington
SW7 3PE,South Kensington
SW7 3PG,South Kensington
SW7 3PY,South Kensington
SW7 3QB,South Kensington
SW7 3RA,South Kensington
SW7 4AN,South Kensington
SW7 4AU,South Kensington
SW7 4AX,South Kensington
SW7 4BA,South Kensington
SW7 4BE,South Kensington
SW7 4BQ,South Kensington
SW7 4DG,South Kensington
SW7 4JA,South Kensington
SW7 4NN,South Kensington
SW7 4SB,South Kensington
SW7 4TS,South Kensington
SW7 5DT,South Kensington
SW7 5JW,South Kensington
SW7 5NU,South Kensington
SW7 5PL,South Kensington
SW7 5QG,South Kensington
SW7 5QX,South Kensington
SW7 5RR,Kensington
SW8 1QA,Kensington
SW8 1UD,Kensington
SW8 2BW,Kensington
SW8 2DA,Kensington
SW8 2DU,Kensington
SW8 2LR,Kensington
SW8 3JF,Kensington
SW8 3PB,Kensington
SW8 3QD,Kensington
SW8 3RJ,Kensington
SW8 3TA,Kensington
SW8 3TJ,Kensington
SW8 4DN,Kensington
SW8 5BE,Kensington
SW8 5BZ,Kensington
SW9 9BT,Brixton
SW9 9LT,Brixton
SW9 9PH,Brixton
SW9 9PQ,Clapham
TW8 9NH,Brentford
W10 6EN,North Kensington
W10 6PB,North Kensington
W10 6QP,North Kensington
W11 1HR,North Kensington
W11 1PG,North Kensington
W11 1PS,North Kensington
W11 2AN,Notting Hill
W11 2HE,Notting Hill
W11 2HW,Notting Hill
W11 2LB,Notting Hill
W11 2NA,Notting Hill
W11 2SU,Notting Hill
W11 3BP,Notting Hill
W11 3BU,Notting Hill
W11 3DS,Notting Hill
W11 3EL,Notting Hill
W11 3EN,Notting Hill
W11 3HA,Notting Hill
W11 3HN,Notting Hill
W11 3NT,Notting Hill
W11 3QU,Notting Hill
W11 4NJ,Notting Hill
W11 4UE,Notting Hill
W12 0JR,Shepherd's Bush
W12 0PH,Shepherd's Bush
W12 7BG,Shepherd's Bush
W12 7FS,Shepherd's Bush
W12 7FT,Shepherd's Bush
W12 7GJ,Shepherd's Bush
W12 7GN,Shepherd's Bush
W12 7GP,Shepherd's Bush
W12 7GR,Shepherd's Bush
W12 7GS,Shepherd's Bush
W12 7HG,Shepherds Bush
W12 7JY,Shepherd's Bush
W12 7QY,Shepherd's Bush
W12 8BG,Shepherds Bush
W12 8EE,Shepherds Bush
W12 8JA,Shepherds Bush
W12 8JF,Shepherd's Bush
W12 8JN,Shepherd's Bush
W12 8JW,Shepherd's Bush
W12 8LE,Shepherd's Bush
W12 8NW,Shepherd's Bush
W12 9BD,Shepherd's Bush
W12 9BQ,Shepherd's Bush
W12 9DA,Shepherd's Bush
W12 9PY,Shepherd's Bush
W12 9RJ,Shepherds Bush
W12 9RZ,Shepherd's Bush
W12 9SJ,Shepherd's Bush
W12 9TD,Shepherd's Bush
W13 0FD,Ealing
W13 0JA,Ealing
W13 8AP,Ealing
W13 8BH,Ealing
W13 8LY,Ealing
W13 8RA,Ealing
W13 9NB,Ealing
W13 9QB,Ealing
W14 0AJ,West Kensington
W14 0AU,West Kensington
W14 0DA,West Kensington
W14 0DP,West Kensington
W14 0DS,West Kensington
W14 0EB,West Kensington
W14 0ES,West Kensington
W14 0NJ,West Kensington
W14 0NP,West Kensington
W14 0NR,West Kensington
W14 0PS,West Kensington
W14 0RP,West Kensington
W14 0RR,West Kensington
W14 0SR,West Kensington
W14 8DA,West Kensington
W14 8EE,West Kensington
W14 8FE,West Kensington
W14 8HB,West Kensington
W14 8HH,West Kensington
W14 8HL,West Kensington
W14 8JS,West Kensington
W14 8LG,West Kensington
W14 8LQ,West Kensington
W14 8QQ,West Kensington
W14 8QW,West Kensington
W14 8SN,West Kensington
W14 8XW,West Kensington
W14 9HA,West Kensington
W14 9SF,West Kensington
W1B 1NX,Marylebone
W1B 1PW,Marylebone
W1F 8AZ,Marylebone
W1G 6BF,Marylebone
W1G 6BT,Marylebone
W1G 6DD,Marylebone
W1G 6DH,Marylebone
W1G 6LG,Marylebone
W1G 6LU,Marylebone
W1G 6PY,Marylebone
W1G 6QW,Marylebone
W1G 7BA,Marylebone
W1G 7EB,Marylebone
W1G 7EG,Marylebone
W1G 8AE,Marylebone
W1G 8PD,Marylebone
W1G 8PE,Marylebone
W1G 8PS,Marylebone
W1G 8PT,Marylebone
W1G 8QE,Marylebone
W1G 9NF,Marylebone
W1G 9XE,Marylebone
W1H 1DB,Marylebone
W1H 1RP,Marylebone
W1H 2BW,Marylebone
W1H 2DH,Marylebone
W1H 2DX,Marylebone
W1H 2JR,Marylebone
W1H 2LW,Marylebone
W1H 4DR,Marylebone
W1H 4NF,Marylebone
W1H 4QF,Marylebone
W1H 5HW,Marylebone
W1H 5JH,Marylebone
W1H 5ZA,Marylebone
W1H 6LE,Marylebone
W1H 7EX,Marylebone
W1H 7HB,Marylebone
W1H 7HE,Marylebone
W1J 0AX,Mayfair
W1J 5HG,Mayfair
W1J 5JX,Mayfair
W1J 7FZ,Mayfair
W1J 7RG,Mayfair
W1J 7TY,Mayfair
W1J 8JB,Mayfair
W1K 1PU,Mayfair
W1K 2JZ,Mayfair
W1K 2NP,Mayfair
W1K 2RP,Mayfair
W1K 4AB,Mayfair
W1K 6LD,Mayfair
W1K 6LE,Mayfair
W1K 6RG,Mayfair
W1K 6RL,Mayfair
W1K 7AF,Mayfair
W1K 7AJ,Mayfair
W1K 7JB,Mayfair
W1S 1NR,Mayfair
W1S 2QJ,Mayfair
W1S 3AR,Mayfair
W1S 3NB,Mayfair
W1S 4HY,Mayfair
W1T 1HF,Fitzrovia
W1T 1JN,Fitzrovia
W1T 1PN,Fitzrovia
W1T 3BF,Fitzrovia
W1T 3BH,Fitzrovia
W1T 3BJ,Fitzrovia
W1T 6DS,Fitzrovia
W1T 6NG,Fitzrovia
W1T 6NU,Fitzrovia
W1U 2LR,Marylebone
W1U 3ET,Marylebone
W1U 4EJ,Marylebone
W1U 4PY,Marylebone
W1U 5BR,Marylebone
W1U 5BS,Marylebone
W1U 5ER,Marylebone
W1U 5LU,Marylebone
W1U 5NH,Marylebone
W1U 6AW,Marylebone
W1U 6BN,Marylebone
W1U 6BT,Marylebone
W1U 6BU,Marylebone
W1U 6NJ,Marylebone
W1U 6NT,Marylebone
W1U 7NP,Marylebone
W1U 7NX,Marylebone
W1U 8AG,Marylebone
W1W 5DZ,Marylebone
W1W 6JN,Marylebone
W1W 6RP,Fitzrovia
W1W 6RR,Fitzrovia
W1W 7LS,Fitzrovia
W1W 8SN,Fitzrovia
W2 1JG,Paddington
W2 1SY,Paddington
W2 2AS,Paddington
W2 2JY,Paddington
W2 2LU,Paddington
W2 2NX,Paddington
W2 2SA,Paddington
W2 2SR,Paddington
W2 3AN,Bayswater
W2 3EA,Bayswater
W2 3LH,Bayswater
W2 3PD,Paddington
W2 4EH,Bayswater
W2 4HU,Paddington
W2 4JH,Bayswater
W2 4JZ,Bayswater
W2 4LA,Paddington
W2 4LY,Bayswater
W2 4NP,Bayswater
W2 4NQ,Bayswater
W2 4SN,Bayswater
W2 4TE,Bayswater
W2 4TJ,Bayswater
W2 4TQ,Bayswater
W2 4TU,Notting Hill
W2 4WA,Notting Hill
W2 5AJ,Notting Hill
W2 5BH,Notting Hill
W2 5BS,Bayswater
W2 5BX,Bayswater
W2 5DP,Notting Hill
W2 5JT,Bayswater
W2 5PB,Bayswater
W2 5PH,Notting Hill
W2 5QT,Paddington
W2 6NG,Bayswater
W2 6NQ,Bayswater
W2 6QT,Bayswater
W3 0AY,Acton
W3 0EA,Acton
W3 6DP,Acton
W3 6QH,Acton
W3 7FG,Acton
W3 7LR,Acton
W3 7RX,Acton
W3 7TQ,Acton
W3 8AN,Acton
W3 8AW,Acton
W3 8AY,Acton
W3 8GJ,Acton
W3 9AP,Acton
W3 9PR,Acton
W3 9PT,Acton
W3 9SF,Acton
W4 1AL,Chiswick
W4 1BL,Chiswick
W4 1BS,Chiswick
W4 1BU,Chiswick
W4 1BW,Chiswick
W4 1BY,Chiswick
W4 1DB,Chiswick
W4 1DP,Chiswick
W4 1EN,Chiswick
W4 1ER,Chiswick
W4 1EW,Chiswick
W4 1HE,Chiswick
W4 1JG,Chiswick
W4 1JZ,Chiswick
W4 1LJ,Chiswick
W4 1NB,Chiswick
W4 1ND,Chiswick
W4 1QF,Chiswick
W4 1QG,Chiswick
W4 1SE,Chiswick
W4 1SF,Chiswick
W4 1TA,Chiswick
W4 1TE,Chiswick
W4 1TF,Chiswick
W4 1TN,Chiswick
W4 1UB,Chiswick
W4 2BA,Chiswick
W4 2BZ,Chiswick
W4 2ER,Chiswick
W4 2HD,Chiswick
W4 2HQ,Chiswick
W4 2JY,Chiswick
W4 2LH,Chiswick
W4 2LJ,Chiswick
W4 2NN,Chiswick
W4 2NW,Chiswick
W4 2QH,Chiswick
W4 2QY,Chiswick
W4 2RU,Chiswick
W4 2SR,Chiswick
W4 2TY,Chiswick
W4 3BS,Chiswick
W4 3BY,Chiswick
W4 3DF,Chiswick
W4 3EB,Chiswick
W4 3EQ,Chiswick
W4 3HA,Chiswick
W4 3HP,Chiswick
W4 3LH,Chiswick
W4 3LL,Chiswick
W4 3LP,Chiswick
W4 3UQ,Chiswick
W4 3UR,Chiswick
W4 4AG,Chiswick
W4 4EH,Chiswick
W4 4ET,Chiswick
W4 4LT,Chiswick
W4 4NR,Chiswick
W4 4QF,Chiswick
W4 4QU,Chiswick
W4 5AP,Chiswick
W4 5BP,Chiswick
W4 5HG,Chiswick
W4 5JD,Chiswick
W4 5JR,Chiswick
W4 5LT,Chiswick
W4 5LZ,Chiswick
W4 5NH,Chiswick
W4 5NN,Chiswick
W4 5NW,Chiswick
W4 5RG,Chiswick
W4 5RR,Chiswick
W4 5UF,Chiswick
W5 1EP,Ealing
W5 1JX,Ealing
W5 1LT,Ealing
W5 1TD,Ealing
W5 2BT,Ealing
W5 2DW,Ealing
W5 2EX,Ealing
W5 2HB,Ealing
W5 2HE,Ealing
W5 2HT,Ealing
W5 2JB,Ealing
W5 2JF,Ealing
W5 2JU,Ealing
W5 2QB,Ealing
W5 2QS,Ealing
W5 2QY,Ealing
W5 2XA,Ealing
W5 3HJ,Ealing
W5 3HR,Ealing
W5 3LR,Ealing
W5 3NJ,Ealing
W5 3QD,Ealing
W5 3RP,Ealing
W5 3SX,Ealing
W5 4JB,Ealing
W5 4TR,Ealing
W5 5HX,Ealing
W5 5JD,Ealing
W5 5NN,Ealing
W5 5QB,Ealing
W6 0AP,Hammersmith
W6 0AU,Hammersmith
W6 0BE,Hammersmith
W6 0DT,Hammersmith
W6 0HJ,Hammersmith
W6 0HY,Hammersmith
W6 0JD,Hammersmith
W6 0NJ,Hammersmith
W6 0RR,Hammersmith
W6 0SN,Hammersmith
W6 0TU,Hammersmith
W6 0UA,Hammersmith
W6 0XX,Hammersmith
W6 7BG,Hammersmith
W6 7BL,Hammersmith
W6 7DR,Hammersmith
W6 7DS,Hammersmith
W6 7PZ,Hammersmith
W6 7QB,Hammersmith
W6 7QH,Hammersmith
W6 7RF,Hammersmith
W6 7RN,Hammersmith
W6 8NQ,Hammersmith
W6 8RB,Hammersmith
W6 9AB,Hammersmith
W6 9AG,Hammersmith
W6 9AJ,Hammersmith
W6 9AN,Hammersmith
W6 9AW,Hammersmith
W6 9BF,Hammersmith
W6 9DJ,Hammersmith
W6 9DY,Hammersmith
W6 9HS,Hammersmith
W6 9LT,Hammersmith
W7 3AS,Hanwell
W7 3QS,Hanwell
W8 4AF,Kensington
W8 4AJ,Kensington
W8 4HF,Kensington
W8 4HH,Kensington
W8 4NA,Kensington
W8 4NT,Kensington
W8 4SA,Kensington
W8 5AE,Kensington
W8 5AQ,Kensington
W8 5BD,Kensington
W8 5BG,Kensington
W8 5HA,Kensington
W8 5JH,Kensington
W8 5JR,Kensington
W8 5LY,Kensington
W8 5QL,Kensington
W8 5RF,Kensington
W8 5UP,Kensington
W8 6AX,Kensington
W8 6BS,Kensington
W8 6BX,Kensington
W8 6HE,Kensington
W8 6JE,Kensington
W8 6LP,Kensington
W8 6LZ,Kensington
W8 6NH,Kensington
W8 6PD,Kensington
W8 6PG,Kensington
W8 6PQ,Kensington
W8 6QA,Kensington
W8 6TS,Kensington
W8 6TW,Kensington
W8 6UG,Kensington
W8 6UP,Kensington
W8 6UW,Kensington
W8 7AD,Kensington
W8 7AF,Kensington
W8 7AX,Kensington
W8 7HX,Kensington
W8 7JG,Kensington
W8 7JJ,Kensington
W8 7LP,Kensington
W8 7ND,Kensington
W8 7NP,Kensington
W8 7PA,Kensington
W8 7PD,Kensington
W8 7PW,Kensington
W8 7QJ,Kensington
W8 7QN,Kensington
W8 7QQ,Kensington
W8 7RD,Kensington
W8 7ST,Kensington
W8 7SU,Kensington
W9 1AZ,Maida Vale
W9 1BG,Maida Vale
W9 1DB,Maida Vale
W9 1DJ,Maida Vale
W9 1DL,Maida Vale
W9 1DW,Maida Vale
W9 1EL,Maida Vale
W9 1ES,Maida Vale
W9 1ET,Maida Vale
W9 1LX,Maida Vale
W9 1NH,Maida Vale
W9 1NP,Maida Vale
W9 1NR,Maida Vale
W9 1NS,Maida Vale
W9 1PF,Maida Vale
W9 1RW,Maida Vale
W9 1SD,Maida Vale
W9 1SZ,Maida Vale
W9 1UJ,Maida Vale
W9 2BJ,Maida Vale
W9 2BT,Maida Vale
W9 2DP,Maida Vale
W9 2DU,Maida Vale
W9 2EL,Maida Vale
W9 2EQ,Maida Vale
W9 2LF,Maida Vale
W9 2LL,Maida Vale
W9 2NP,Maida Vale
W9 2NS,Maida Vale
W9 2PD,Maida Vale
W9 2PF,Maida Vale
W9 2PZ,Maida Vale
W9 3HR,Maida Vale
W9 3JH,Maida Vale
W9 3JS,Maida Vale
WC1E 6HU,Bloomsbury
WC1E 6JP,Bloomsbury
WC1E 7AR,Bloomsbury
WC1E 7AX,Bloomsbury
WC1H 9SH,Bloomsbury
WC1N 1DF,Bloomsbury
WC1N 2AA,Bloomsbury
WC1N 3HB,Bloomsbury
WC1X 0EG,Bloomsbury
WC1X 0ER,Bloomsbury
WC1X 8ER,Bloomsbury
WC1X 9HF,Bloomsbury
WC2B 5EL,Covent Garden
WC2B 6EL,Holborn
WC2H 9DL,Holborn
WC2N 5NS,Covent Garden
WC2N 6LU,Covent Garden
WC2R 0NP,Covent Garden
WC2R 0NR,Covent Garden
WC2R 0PP,Covent Garden
WC2R 1AB,Covent Garden
